id,scenario,label,risk_score,anomaly_score,amount_log_naira,amount_deviation_ratio,request_type_prior,has_evidence,missing_required_evidence,is_immediate,request_frequency_7d,duplicate_evidence_hint,after_hours,vendor_watchlist,new_beneficiary,purpose_length_bucket,has_bank_details
demo-row-0001,urgent_after_hours_request,1,0.7289,0.5099,5.738838407728399,4.769178947368421,0.25,1,0,1,5,0,1,0,0,1,0
demo-row-0002,normal_operating_request,0,0.4154,0.457,4.834255347806097,2.7929444444444442,0.16,0,0,0,2,0,0,0,0,1,0
demo-row-0003,missing_evidence,1,0.8656,0.5891,6.6249637433726845,3.96072,0.36,0,1,0,5,0,0,0,1,1,0
demo-row-0004,normal_operating_request,0,0.2732,0.4692,6.233293665237512,1.0131423529411765,0.36,1,0,0,0,0,0,0,0,1,1
demo-row-0005,normal_operating_request,0,0.2908,0.463,5.597660090003888,0.5341564705882353,0.36,1,0,0,3,0,0,0,0,1,1
demo-row-0006,normal_operating_request,0,0.5015,0.4108,5.727801430456678,2.8165642857142856,0.22,1,0,0,3,0,0,0,0,1,0
demo-row-0007,new_or_watchlisted_beneficiary,1,0.4904,0.4868,6.4382259659327845,2.2270588235294118,0.36,1,0,0,2,0,0,0,0,1,1
demo-row-0008,normal_operating_request,0,0.2324,0.4517,4.991810650165468,0.0329578947368421,0.25,0,0,0,4,0,0,0,0,1,0
demo-row-0009,missing_evidence,1,0.8552,0.53,5.6578042221894425,5.996646153846154,0.32,0,1,0,1,0,0,0,0,1,0
demo-row-0010,normal_operating_request,0,0.2324,0.4388,4.625271283656851,0.6986071428571429,0.22,1,0,0,4,0,0,0,0,1,0
demo-row-0011,missing_evidence,1,0.7289,0.4785,5.81143155777041,3.6270357142857144,0.22,1,0,0,4,0,1,0,0,1,0
demo-row-0012,normal_operating_request,0,0.2324,0.5105,3.6269559514354475,0.7647222222222222,0.16,1,0,0,4,0,0,0,0,1,0
demo-row-0013,normal_operating_request,0,0.2173,0.4657,5.027634965777544,0.12177894736842106,0.25,0,0,0,0,0,0,0,0,1,0
demo-row-0014,urgent_after_hours_request,1,0.5015,0.4175,5.733081651927434,2.86325,0.22,1,0,0,4,0,0,0,0,1,0
demo-row-0015,large_amount_or_unusual_frequency,1,0.7372,0.5029,5.822573406095486,8,0.32,1,0,0,7,0,0,0,0,1,0
demo-row-0016,large_amount_or_unusual_frequency,1,0.4367,0.4656,4.843917638006392,2.878277777777778,0.16,0,0,0,4,0,0,0,0,1,0
demo-row-0017,normal_operating_request,0,0.4798,0.4075,5.613747767388319,1.9350714285714286,0.22,1,0,0,1,0,0,0,0,1,0
demo-row-0018,missing_evidence,1,0.2908,0.4673,6.291412366532334,1.301405882352941,0.36,1,0,0,4,0,0,0,0,1,1
demo-row-0019,normal_operating_request,0,0.2173,0.4105,5.216084051844287,0.17477142857142858,0.22,1,0,0,2,0,0,0,0,1,0
demo-row-0020,normal_operating_request,0,0.2173,0.5367,3.6977522741677546,0.7230555555555556,0.16,0,0,0,0,0,0,0,0,1,0
demo-row-0021,missing_evidence,1,0.4904,0.4971,6.4394380172104455,2.2360776470588237,0.36,1,0,0,1,0,0,0,0,1,1
demo-row-0022,urgent_after_hours_request,1,0.7372,0.4132,5.447458831182479,3.3106615384615385,0.32,1,0,0,4,0,0,0,0,1,0
demo-row-0023,normal_operating_request,0,0.2173,0.4961,4.0521935804334746,0.37355555555555553,0.16,0,0,0,2,0,0,0,0,1,0
demo-row-0024,normal_operating_request,0,0.5015,0.4056,5.487784385254357,2.2363789473684212,0.25,1,0,0,3,0,0,0,0,1,0
demo-row-0025,normal_operating_request,0,0.2401,0.4112,5.22533513181854,1.5847538461538462,0.32,1,0,0,3,0,0,0,0,1,0
demo-row-0026,large_amount_or_unusual_frequency,1,0.8498,0.5562,6.094975358125657,7.888878571428571,0.22,0,1,0,1,0,0,0,0,1,0
demo-row-0027,normal_operating_request,0,0.4798,0.4083,5.630152158003466,2.048057142857143,0.22,1,0,0,1,0,0,0,0,1,0
demo-row-0028,normal_operating_request,0,0.2246,0.413,5.1393311521972445,1.1203846153846153,0.32,1,0,0,2,0,0,0,0,1,0
demo-row-0029,normal_operating_request,0,0.2173,0.4377,4.74723308107814,0.41183157894736844,0.25,1,0,0,0,0,0,0,0,1,0
demo-row-0030,large_amount_or_unusual_frequency,1,0.7201,0.4105,5.4373033580372025,3.2110307692307694,0.32,1,0,0,2,0,0,0,0,1,0
demo-row-0031,new_or_watchlisted_beneficiary,1,0.8656,0.5644,5.958485521592838,8,0.32,0,1,0,5,0,1,0,0,1,0
demo-row-0032,urgent_after_hours_request,1,0.4367,0.4649,4.839515755822356,2.839166666666667,0.16,0,0,0,4,0,0,0,0,1,0
demo-row-0033,new_or_watchlisted_beneficiary,1,0.2324,0.4081,5.394714279533342,1.6120947368421052,0.25,1,0,0,4,0,0,0,0,1,0
demo-row-0034,normal_operating_request,0,0.2173,0.4081,5.161329063742777,0.5261684210526316,0.25,1,0,0,2,0,0,0,0,1,0
demo-row-0035,normal_operating_request,0,0.2173,0.4128,5.232528547771395,0.22010714285714286,0.22,1,0,0,1,0,0,0,0,1,0
demo-row-0036,normal_operating_request,0,0.2401,0.44,4.775777872110808,0.08196923076923077,0.32,1,0,0,4,0,0,0,0,1,0
demo-row-0037,normal_operating_request,0,0.4367,0.4999,4.824997454329465,2.7129444444444446,0.16,0,0,0,3,0,1,0,0,1,0
demo-row-0038,missing_evidence,1,0.7372,0.4195,5.535206745891865,4.275846153846154,0.32,1,0,0,3,0,0,0,0,1,0
demo-row-0039,normal_operating_request,0,0.2173,0.4174,5.005150471332647,0.06517894736842106,0.25,1,0,0,1,0,0,0,0,1,0
demo-row-0040,normal_operating_request,0,0.4154,0.435,4.747186444594374,2.1038888888888887,0.16,1,0,0,2,0,0,0,0,1,0
demo-row-0041,large_amount_or_unusual_frequency,1,0.4258,0.4525,5.353040607810746,2.468369230769231,0.32,1,0,1,2,0,0,0,0,1,0
demo-row-0042,normal_operating_request,0,0.2246,0.4185,5.123871232757435,1.0462307692307693,0.32,1,0,0,1,0,0,0,0,1,0
demo-row-0043,normal_operating_request,0,0.2173,0.4626,4.593452219346109,1.1785555555555556,0.16,0,0,0,1,0,0,0,0,1,0
demo-row-0044,urgent_after_hours_request,1,0.7372,0.4323,5.606666143102546,5.219446153846154,0.32,1,0,0,4,0,0,0,0,1,0
demo-row-0045,normal_operating_request,0,0.2732,0.4604,5.94494041410954,0.036384705882352944,0.36,1,0,0,2,0,0,0,0,1,1
demo-row-0046,new_or_watchlisted_beneficiary,1,0.4632,0.5594,6.2998168383678115,1.3463764705882353,0.36,0,1,0,1,0,0,0,0,1,1
demo-row-0047,normal_operating_request,0,0.2732,0.5106,5.9447619126730755,0.035958823529411765,0.36,1,0,0,0,0,1,0,0,1,1
demo-row-0048,normal_operating_request,0,0.2908,0.4645,5.712371866304063,0.3933305882352941,0.36,1,0,0,4,0,0,0,0,1,1
demo-row-0049,large_amount_or_unusual_frequency,1,0.63,0.5611,5.235629433882054,1.6467538461538462,0.32,0,1,1,1,0,0,0,0,1,0
demo-row-0050,new_or_watchlisted_beneficiary,1,0.7289,0.5276,5.975213457459926,5.7466,0.22,1,0,0,8,0,0,0,0,1,0
demo-row-0051,new_or_watchlisted_beneficiary,1,0.2173,0.5405,5.054183909777005,0.19249473684210527,0.25,0,0,1,1,0,0,1,0,1,0
demo-row-0052,normal_operating_request,0,0.2732,0.4604,5.957434875759574,0.06663411764705883,0.36,1,0,0,2,0,0,0,0,1,1
demo-row-0053,urgent_after_hours_request,1,0.7289,0.4653,5.804184427548834,5.705947368421053,0.25,1,0,0,4,0,1,0,0,1,0
demo-row-0054,normal_operating_request,0,0.2173,0.4568,4.593551880238122,1.1790555555555555,0.16,0,0,0,2,0,0,0,0,1,0
demo-row-0055,missing_evidence,1,0.2324,0.4452,4.659202877464531,1.5346666666666666,0.16,1,0,0,4,0,0,0,0,1,0
demo-row-0056,normal_operating_request,0,0.2648,0.4088,5.508440831004749,1.303092857142857,0.22,1,0,0,2,0,0,0,0,1,0
demo-row-0057,normal_operating_request,0,0.2401,0.4449,4.547331572835672,0.4574923076923077,0.32,1,0,0,3,0,0,0,0,1,0
demo-row-0058,urgent_after_hours_request,1,0.4258,0.4211,5.406992973066232,2.927153846153846,0.32,1,0,0,0,0,0,0,0,1,0
demo-row-0059,normal_operating_request,0,0.2246,0.4177,5.0812284547438695,0.8548615384615385,0.32,1,0,0,2,0,0,0,0,1,0
demo-row-0060,normal_operating_request,0,0.2173,0.5123,3.4139699717480614,0.8559444444444444,0.16,1,0,0,0,0,0,0,0,1,0
demo-row-0061,normal_operating_request,0,0.2173,0.572,3.584331224367531,0.7867222222222222,0.16,1,0,0,2,1,0,0,0,1,0
demo-row-0062,missing_evidence,1,0.7289,0.4864,5.839778995258624,6.278715789473684,0.25,1,0,1,4,0,0,0,0,1,0
demo-row-0063,normal_operating_request,0,0.2173,0.4049,5.313498124083558,1.1665684210526315,0.25,1,0,0,2,0,0,0,0,1,0
demo-row-0064,normal_operating_request,0,0.2324,0.4451,5.285762031721253,1.0325263157894737,0.25,0,0,0,4,0,0,0,0,1,0
demo-row-0065,normal_operating_request,0,0.2324,0.41,5.243814121564028,0.8453894736842106,0.25,1,0,0,3,0,0,0,0,1,0
demo-row-0066,normal_operating_request,0,0.4154,0.481,4.796553519877108,2.4775555555555555,0.16,0,0,0,0,0,0,0,0,1,0
demo-row-0067,normal_operating_request,0,0.2324,0.4308,4.699612284998696,0.47291578947368423,0.25,1,0,0,3,0,0,0,0,1,0
demo-row-0068,urgent_after_hours_request,1,0.7289,0.4561,5.879731079593704,6.980073684210526,0.25,1,0,0,5,0,0,0,0,1,0
demo-row-0069,normal_operating_request,0,0.2324,0.4207,5.183064751311634,0.08876428571428571,0.22,1,0,0,4,0,0,0,0,1,0
demo-row-0070,normal_operating_request,0,0.4154,0.5174,4.7126581181053835,1.8666666666666667,0.16,0,0,0,0,0,1,0,0,1,0
demo-row-0071,normal_operating_request,0,0.4472,0.4063,5.293868384381174,2.0265846153846154,0.32,1,0,0,3,0,0,0,0,1,0
demo-row-0072,normal_operating_request,0,0.2173,0.4974,4.393013327901293,0.37316666666666665,0.16,1,0,1,2,0,0,0,0,1,0
demo-row-0073,new_or_watchlisted_beneficiary,1,0.5015,0.447,5.494097519519049,2.2837684210526317,0.25,0,0,0,4,0,0,0,0,1,0
demo-row-0074,normal_operating_request,0,0.4258,0.4174,5.310000437185504,2.141123076923077,0.32,1,0,0,0,0,0,0,0,1,0
demo-row-0075,normal_operating_request,0,0.2173,0.5133,4.855070698381383,0.48839285714285713,0.22,1,0,0,1,1,0,0,0,1,0
demo-row-0076,missing_evidence,1,0.6745,0.5532,4.93212354968542,3.7516666666666665,0.16,0,0,1,8,0,0,0,0,1,0
demo-row-0077,normal_operating_request,0,0.4258,0.4167,5.2558680451291195,1.7730153846153847,0.32,1,0,0,0,0,0,0,0,1,0
demo-row-0078,large_amount_or_unusual_frequency,1,0.8606,0.6129,6.051381769417951,7.03995,0.22,0,1,0,6,1,0,0,0,1,0
demo-row-0079,normal_operating_request,0,0.2401,0.4224,4.995591324252353,0.5229076923076923,0.32,1,0,0,4,0,0,0,0,1,0
demo-row-0080,urgent_after_hours_request,1,0.7114,0.4639,5.8044393124075855,3.5531357142857143,0.22,1,0,1,1,0,0,0,0,1,0
demo-row-0081,missing_evidence,1,0.4367,0.4656,4.850511454347132,2.937611111111111,0.16,0,0,0,4,0,0,0,0,1,0
demo-row-0082,normal_operating_request,0,0.2173,0.4539,5.213546974602457,0.7211578947368421,0.25,1,0,1,1,0,0,0,0,1,0
demo-row-0083,normal_operating_request,0,0.2173,0.4263,5.1067380967252785,0.34589473684210525,0.25,1,0,0,0,0,0,0,0,1,0
demo-row-0084,normal_operating_request,0,0.4798,0.4058,5.483037841573166,2.2012,0.25,1,0,0,2,0,0,0,0,1,0
demo-row-0085,normal_operating_request,0,0.3892,0.5136,5.15019748246285,0.009407142857142857,0.22,0,1,0,1,0,0,0,0,1,0
demo-row-0086,missing_evidence,1,0.7372,0.4923,5.8988945891944615,8,0.32,1,0,0,5,0,1,0,0,1,0
demo-row-0087,new_or_watchlisted_beneficiary,1,0.7289,0.6353,5.868002807304568,6.767452631578947,0.25,0,0,1,9,1,0,0,0,1,0
demo-row-0088,normal_operating_request,0,0.6745,0.4832,4.863382348440788,3.0560555555555555,0.16,1,0,1,3,0,0,0,0,1,0
demo-row-0089,normal_operating_request,0,0.2324,0.4068,5.351989455435632,0.6064214285714286,0.22,1,0,0,3,0,0,0,0,1,0
demo-row-0090,normal_operating_request,0,0.2173,0.4539,5.20624012776759,0.6924421052631579,0.25,0,0,0,0,0,0,0,0,1,0
demo-row-0091,normal_operating_request,0,0.2173,0.4576,4.373518854969121,0.3128888888888889,0.16,1,0,0,1,0,0,0,0,1,0
demo-row-0092,normal_operating_request,0,0.2821,0.4104,5.468899449160124,1.1026642857142857,0.22,1,0,0,3,0,0,0,0,1,0
demo-row-0093,normal_operating_request,0,0.2324,0.4171,5.297500075125151,0.417,0.22,1,0,0,4,0,0,0,0,1,0
demo-row-0094,normal_operating_request,0,0.4367,0.4448,4.708675792726537,1.8405,0.16,1,0,0,4,0,0,0,0,1,0
demo-row-0095,normal_operating_request,0,0.2173,0.4613,4.65540738349723,1.5126111111111111,0.16,0,0,0,1,0,0,0,0,1,0
demo-row-0096,missing_evidence,1,0.8656,0.5067,5.524480505957167,4.147138461538462,0.32,0,1,0,4,0,0,0,0,1,0
demo-row-0097,normal_operating_request,0,0.2324,0.4059,5.378005223024716,1.5135052631578947,0.25,1,0,0,3,0,0,0,0,1,0
demo-row-0098,normal_operating_request,0,0.2173,0.4129,5.358448838820214,0.6304928571428572,0.22,1,0,0,0,0,0,0,0,1,0
demo-row-0099,normal_operating_request,0,0.2173,0.5351,4.288763276172814,0.0801111111111111,0.16,1,0,0,0,0,0,1,0,1,0
demo-row-0100,normal_operating_request,0,0.4798,0.4217,5.7369141595391175,2.8974928571428573,0.22,1,0,0,0,0,0,0,0,1,0
demo-row-0101,large_amount_or_unusual_frequency,1,0.3892,0.5451,5.400867686266602,0.7977857142857143,0.22,0,1,0,0,0,1,0,0,1,0
demo-row-0102,large_amount_or_unusual_frequency,1,0.7289,0.554,5.808643026165753,3.5974214285714288,0.22,1,0,1,3,1,0,0,0,1,0
demo-row-0103,new_or_watchlisted_beneficiary,1,0.2908,0.5754,6.3355273020217755,1.547464705882353,0.36,1,0,1,4,0,0,0,1,1,0
demo-row-0104,normal_operating_request,0,0.2324,0.4935,4.156730826499419,0.849,0.25,0,0,0,3,0,0,0,0,1,0
demo-row-0105,normal_operating_request,0,0.2173,0.4381,4.672485777576998,0.6639928571428572,0.22,1,0,0,0,0,0,0,0,1,0
demo-row-0106,normal_operating_request,0,0.4367,0.4801,4.714966481581277,1.8819444444444444,0.16,1,0,0,3,0,1,0,0,1,0
demo-row-0107,urgent_after_hours_request,1,0.7372,0.4161,5.502438045494349,3.8924153846153846,0.32,1,0,0,3,0,0,0,0,1,0
demo-row-0108,urgent_after_hours_request,1,0.8656,0.6324,6.703390523540933,4.942531764705882,0.36,0,1,0,5,0,0,1,0,1,1
demo-row-0109,normal_operating_request,0,0.5121,0.4809,6.399767318292864,1.9535764705882352,0.36,1,0,0,3,0,0,0,0,1,1
demo-row-0110,normal_operating_request,0,0.2246,0.4434,4.680879174426811,0.26216923076923077,0.32,1,0,0,1,0,0,0,0,1,0
demo-row-0111,normal_operating_request,0,0.2173,0.4415,5.287528530993759,1.0408105263157894,0.25,0,0,0,2,0,0,0,0,1,0
demo-row-0112,normal_operating_request,0,0.2173,0.451,5.395972547794993,0.7776357142857143,0.22,1,0,0,0,0,1,0,0,1,0
demo-row-0113,missing_evidence,1,0.8606,0.5419,6.136648601451498,8,0.22,0,1,0,4,0,0,0,0,1,0
demo-row-0114,normal_operating_request,0,0.3892,0.5486,5.117543059063233,0.06370714285714285,0.22,0,1,0,0,0,1,0,0,1,0
demo-row-0115,normal_operating_request,0,0.2324,0.4065,5.388838023839752,1.5769894736842105,0.25,1,0,0,3,0,0,0,0,1,0
demo-row-0116,normal_operating_request,0,0.2173,0.4208,5.236406248034053,0.23105,0.22,1,0,0,0,0,0,0,0,1,0
demo-row-0117,normal_operating_request,0,0.2173,0.4678,4.776432390191946,0.37092631578947366,0.25,1,0,0,0,0,1,0,0,1,0
demo-row-0118,normal_operating_request,0,0.2173,0.5226,4.334775331677955,0.20083333333333334,0.16,0,0,1,1,0,0,0,0,1,0
demo-row-0119,normal_operating_request,0,0.2173,0.494,4.387656728620143,0.35633333333333334,0.16,0,0,0,0,0,0,0,0,1,0
demo-row-0120,missing_evidence,1,0.8198,0.5626,5.42799865054071,3.121769230769231,0.32,0,1,1,2,0,0,0,0,1,0
demo-row-0121,missing_evidence,1,0.2324,0.4935,4.84431560554436,0.2644947368421053,0.25,0,0,1,3,0,0,0,0,1,0
demo-row-0122,normal_operating_request,0,0.2324,0.4394,5.129251510415063,0.4175052631578947,0.25,0,0,0,3,0,0,0,0,1,0
demo-row-0123,new_or_watchlisted_beneficiary,1,0.3892,0.5571,5.268484363846722,0.3254214285714286,0.22,0,1,1,1,0,0,0,0,1,0
demo-row-0124,normal_operating_request,0,0.2246,0.4452,4.53729006666481,0.46989230769230766,0.32,1,0,0,1,0,0,0,0,1,0
demo-row-0125,new_or_watchlisted_beneficiary,1,0.8498,0.613,6.096901674473954,7.928392857142857,0.22,0,1,0,1,1,1,0,0,1,0
demo-row-0126,new_or_watchlisted_beneficiary,1,0.7372,0.4604,5.498668871219551,3.8501384615384615,0.32,1,0,0,4,0,1,0,0,1,0
demo-row-0127,new_or_watchlisted_beneficiary,1,0.7372,0.4238,5.571620333836404,4.737276923076923,0.32,1,0,0,4,0,0,0,0,1,0
demo-row-0128,normal_operating_request,0,0.4154,0.4926,4.8299017222909875,2.7551111111111113,0.16,1,0,1,1,0,0,0,0,1,0
demo-row-0129,large_amount_or_unusual_frequency,1,0.6745,0.5138,5.175349429932166,7.319055555555556,0.16,1,0,0,6,0,0,0,0,1,0
demo-row-0130,new_or_watchlisted_beneficiary,1,0.7289,0.4722,6.1526518373918835,8,0.22,1,0,0,4,0,0,0,0,1,0
demo-row-0131,normal_operating_request,0,0.2173,0.4129,5.359926503958617,0.63605,0.22,1,0,0,0,0,0,0,0,1,0
demo-row-0132,normal_operating_request,0,0.2324,0.4126,5.179775774200908,0.5923894736842106,0.25,1,0,0,4,0,0,0,0,1,0
demo-row-0133,normal_operating_request,0,0.4367,0.4566,4.831997677235896,2.773277777777778,0.16,0,0,0,3,0,0,0,0,1,0
demo-row-0134,missing_evidence,1,0.7372,0.5445,6.547276026290371,3.148174117647059,0.36,1,0,0,3,0,0,0,1,1,0
demo-row-0135,large_amount_or_unusual_frequency,1,0.2908,0.5338,5.800277063572097,0.25722470588235297,0.36,1,0,0,4,0,0,1,0,1,1
demo-row-0136,large_amount_or_unusual_frequency,1,0.8498,0.523,5.8027593625598035,3.535557142857143,0.22,0,1,0,1,0,0,0,0,1,0
demo-row-0137,normal_operating_request,0,0.2324,0.4071,5.387587349804999,0.7436428571428572,0.22,1,0,0,3,0,0,0,0,1,0
demo-row-0138,normal_operating_request,0,0.2324,0.5011,3.8414220444023592,0.6144444444444445,0.16,1,0,0,4,0,0,0,0,1,0
demo-row-0139,missing_evidence,1,0.8656,0.5804,6.615032437654522,3.8485670588235292,0.36,0,1,0,5,0,0,0,0,1,1
demo-row-0140,large_amount_or_unusual_frequency,1,0.7289,0.5191,5.851914188450941,6.484968421052631,0.25,1,0,1,6,0,0,0,0,1,0
demo-row-0141,normal_operating_request,0,0.2173,0.4051,5.286249827561722,1.0348105263157894,0.25,1,0,0,2,0,0,0,0,1,0
demo-row-0142,large_amount_or_unusual_frequency,1,0.7201,0.6051,5.541982152159338,4.3588,0.32,1,0,1,2,1,0,1,0,1,0
demo-row-0143,normal_operating_request,0,0.6551,0.499,4.867573544116945,3.095388888888889,0.16,1,0,1,0,0,0,0,0,1,0
demo-row-0144,normal_operating_request,0,0.2173,0.4815,4.528569640012892,0.8762222222222222,0.16,0,0,0,0,0,0,0,0,1,0
demo-row-0145,normal_operating_request,0,0.5015,0.4067,5.627962601337291,2.032728571428571,0.22,1,0,0,3,0,0,0,0,1,0
demo-row-0146,normal_operating_request,0,0.4798,0.4062,5.482141523626057,2.1946,0.25,1,0,0,1,0,0,0,0,1,0
demo-row-0147,normal_operating_request,0,0.5015,0.4427,5.482017007873804,2.1936842105263157,0.25,0,0,0,3,0,0,0,0,1,0
demo-row-0148,normal_operating_request,0,0.2324,0.4352,4.599446375725275,0.7160071428571428,0.22,1,0,0,3,0,0,0,0,1,0
demo-row-0149,large_amount_or_unusual_frequency,1,0.5015,0.4498,5.539778434945227,2.6479894736842104,0.25,1,0,1,3,0,0,0,0,1,0
demo-row-0150,normal_operating_request,0,0.2173,0.4667,4.573022533945539,1.0784444444444445,0.16,0,0,0,1,0,0,0,0,1,0
demo-row-0151,normal_operating_request,0,0.2324,0.4456,5.349028732756253,1.3512736842105264,0.25,0,0,0,3,0,0,0,0,1,0
demo-row-0152,normal_operating_request,0,0.2648,0.4172,5.479366533783284,1.153957142857143,0.22,1,0,0,0,0,0,0,0,1,0
demo-row-0153,normal_operating_request,0,0.2173,0.4147,5.273457331258226,0.34068571428571426,0.22,1,0,0,0,0,0,0,0,1,0
demo-row-0154,missing_evidence,1,0.4849,0.5566,5.4869473570741105,0.6389835294117647,0.36,0,1,0,4,0,0,0,1,1,0
demo-row-0155,missing_evidence,1,0.8656,0.5383,5.628284686864972,5.536876923076923,0.32,0,1,0,4,0,1,0,0,1,0
demo-row-0156,large_amount_or_unusual_frequency,1,0.8656,0.552,5.8517840772215965,8,0.32,0,1,0,8,0,0,0,0,1,0
demo-row-0157,normal_operating_request,0,0.2173,0.5585,3.9981285071282664,0.4468888888888889,0.16,0,0,0,0,0,1,0,0,1,0
demo-row-0158,normal_operating_request,0,0.2173,0.4176,5.1766612582576474,0.5810105263157894,0.25,1,0,0,0,0,0,0,0,1,0
demo-row-0159,large_amount_or_unusual_frequency,1,0.7289,0.5112,5.61331845124641,3.321094736842105,0.25,0,0,0,6,0,1,0,0,1,0
demo-row-0160,normal_operating_request,0,0.2324,0.4762,5.196228706339871,0.6538736842105263,0.25,0,0,0,3,0,1,0,0,1,0
demo-row-0161,normal_operating_request,0,0.2401,0.4401,4.726425624114809,0.18058461538461537,0.32,1,0,0,4,0,0,0,0,1,0
demo-row-0162,normal_operating_request,0,0.2173,0.4121,5.233354065302059,0.8014736842105263,0.25,1,0,0,2,0,0,0,0,1,0
demo-row-0163,large_amount_or_unusual_frequency,1,0.2173,0.5029,5.2063940644308735,0.6930421052631579,0.25,0,0,0,0,0,0,1,0,1,0
demo-row-0164,large_amount_or_unusual_frequency,1,0.4632,0.5549,6.103605678560167,0.4934352941176471,0.36,0,1,0,2,0,0,0,0,1,1
demo-row-0165,new_or_watchlisted_beneficiary,1,0.4632,0.5585,6.019781145360913,0.23129411764705882,0.36,0,1,0,2,0,0,0,0,1,1
demo-row-0166,normal_operating_request,0,0.2173,0.4961,4.088667552542405,0.31866666666666665,0.16,0,0,0,2,0,0,0,0,1,0
demo-row-0167,normal_operating_request,0,0.2173,0.4865,5.316068942189835,0.4789,0.22,1,0,0,1,0,0,1,0,1,0
demo-row-0168,normal_operating_request,0,0.2324,0.4521,4.834344393408357,0.28118947368421054,0.25,0,0,0,4,0,0,0,0,1,0
demo-row-0169,normal_operating_request,0,0.2324,0.4455,4.564216153077687,1.0367222222222223,0.16,1,0,0,3,0,0,0,0,1,0
demo-row-0170,new_or_watchlisted_beneficiary,1,0.6551,0.5607,5.118496199911788,6.298277777777778,0.16,0,0,0,2,0,1,1,0,1,0
demo-row-0171,large_amount_or_unusual_frequency,1,0.7114,0.5144,5.755800181078831,4.998957894736842,0.25,0,0,1,2,0,0,0,0,1,0
demo-row-0172,normal_operating_request,0,0.2732,0.561,5.926073244709056,0.007675294117647059,0.36,1,0,1,1,0,1,0,0,1,1
demo-row-0173,normal_operating_request,0,0.2908,0.504,6.02566339643624,0.24808470588235293,0.36,1,0,0,3,0,1,0,0,1,1
demo-row-0174,normal_operating_request,0,0.2732,0.5619,5.6942874774849965,0.4180741176470588,0.36,1,0,1,1,0,0,0,1,1,0
demo-row-0175,normal_operating_request,0,0.4798,0.4065,5.602656736072522,1.8610642857142856,0.22,1,0,0,2,0,0,0,0,1,0
demo-row-0176,normal_operating_request,0,0.5015,0.4067,5.618189350256573,1.965242857142857,0.22,1,0,0,3,0,0,0,0,1,0
demo-row-0177,normal_operating_request,0,0.2173,0.4394,4.5203262936073205,0.7633071428571429,0.22,1,0,0,2,0,0,0,0,1,0
demo-row-0178,normal_operating_request,0,0.2173,0.5075,3.428134794028789,0.8511666666666666,0.16,1,0,0,1,0,0,0,0,1,0
demo-row-0179,normal_operating_request,0,0.6745,0.4624,4.864244014647247,3.064111111111111,0.16,0,0,0,3,0,0,0,0,1,0
demo-row-0180,normal_operating_request,0,0.4367,0.4378,4.804084886432,2.538388888888889,0.16,1,0,0,3,0,0,0,0,1,0
demo-row-0181,urgent_after_hours_request,1,0.4904,0.5744,6.395742836418935,1.9263329411764707,0.36,1,0,1,0,0,0,0,1,1,0
demo-row-0182,large_amount_or_unusual_frequency,1,0.7372,0.4798,5.600565621730945,5.132692307692308,0.32,1,0,1,4,0,0,0,0,1,0
demo-row-0183,normal_operating_request,0,0.7114,0.4181,5.778379195156374,3.287957142857143,0.22,1,0,0,1,0,0,0,0,1,0
demo-row-0184,new_or_watchlisted_beneficiary,1,0.4849,0.583,6.179791276444106,0.7798035294117647,0.36,0,1,1,4,0,0,0,0,1,1
demo-row-0185,normal_operating_request,0,0.2908,0.4633,5.6715467860945425,0.4477611764705882,0.36,1,0,0,3,0,0,0,0,1,1
demo-row-0186,large_amount_or_unusual_frequency,1,0.7372,0.5249,5.659037219046888,6.016538461538461,0.32,1,0,1,5,0,1,0,0,1,0
demo-row-0187,normal_operating_request,0,0.2648,0.4408,5.528195275366234,1.4102714285714286,0.22,1,0,1,1,0,0,0,0,1,0
demo-row-0188,normal_operating_request,0,0.3892,0.5137,5.030048915700507,0.23455,0.22,0,1,0,2,0,0,0,0,1,0
demo-row-0189,normal_operating_request,0,0.4798,0.4123,5.715735167528288,2.7119857142857144,0.22,1,0,0,1,0,0,0,0,1,0
demo-row-0190,normal_operating_request,0,0.6551,0.5015,4.857483266952451,3.001333333333333,0.16,0,0,0,2,0,1,0,0,1,0
demo-row-0191,normal_operating_request,0,0.4367,0.4401,4.702637294117559,1.8012777777777778,0.16,1,0,0,3,0,0,0,0,1,0
demo-row-0192,new_or_watchlisted_beneficiary,1,0.2821,0.4454,5.4908346169449365,1.2115928571428571,0.22,1,0,1,4,0,0,0,0,1,0
demo-row-0193,urgent_after_hours_request,1,0.7289,0.4839,5.847947569779274,6.416915789473684,0.25,1,0,0,5,0,1,0,0,1,0
demo-row-0194,normal_operating_request,0,0.2324,0.4686,4.6662277299444375,1.576,0.16,0,0,0,4,0,0,0,0,1,0
demo-row-0195,normal_operating_request,0,0.2173,0.4788,4.276300924570774,0.049555555555555554,0.16,0,0,0,2,0,0,0,0,1,0
demo-row-0196,normal_operating_request,0,0.2648,0.4481,5.493580723602145,1.2256214285714286,0.22,1,0,1,0,0,0,0,0,1,0
demo-row-0197,normal_operating_request,0,0.2173,0.5297,3.4534712337229356,0.8422222222222222,0.16,0,0,0,1,0,0,0,0,1,0
demo-row-0198,new_or_watchlisted_beneficiary,1,0.7289,0.606,5.763499870839228,5.106263157894737,0.25,1,0,1,8,0,0,1,0,1,0
demo-row-0199,new_or_watchlisted_beneficiary,1,0.7289,0.5606,6.067137465086419,7.336985714285714,0.22,1,0,1,7,0,1,0,0,1,0
demo-row-0200,missing_evidence,1,0.8656,0.6029,6.774520031325838,6.000048235294118,0.36,0,1,0,3,0,0,0,1,1,0
demo-row-0201,normal_operating_request,0,0.2732,0.4685,5.7906299287657355,0.27354235294117646,0.36,1,0,0,0,0,0,0,0,1,1
demo-row-0202,normal_operating_request,0,0.2648,0.4117,5.465076357489983,1.0842357142857142,0.22,1,0,0,2,0,0,0,0,1,0
demo-row-0203,normal_operating_request,0,0.2173,0.4625,5.383280244058334,1.544221052631579,0.25,0,0,0,0,0,0,0,0,1,0
demo-row-0204,normal_operating_request,0,0.6551,0.5053,5.195390371851024,7.711944444444445,0.16,1,0,1,1,0,0,0,0,1,0
demo-row-0205,normal_operating_request,0,0.2401,0.4463,4.6789006084447236,0.2655230769230769,0.32,1,0,0,4,0,0,0,0,1,0
demo-row-0206,new_or_watchlisted_beneficiary,1,0.4798,0.4624,5.727823375461088,2.816757142857143,0.22,1,0,1,0,0,0,0,0,1,0
demo-row-0207,normal_operating_request,0,0.2173,0.4626,4.5950771570076965,1.1867222222222222,0.16,0,0,0,1,0,0,0,0,1,0
demo-row-0208,large_amount_or_unusual_frequency,1,0.8656,0.5606,5.629665410872044,5.5576923076923075,0.32,0,1,0,8,0,1,0,0,1,0
demo-row-0209,normal_operating_request,0,0.4367,0.4387,4.742583746617438,2.0711666666666666,0.16,1,0,0,3,0,0,0,0,1,0
demo-row-0210,urgent_after_hours_request,1,0.2732,0.5376,5.894083896828574,0.07814117647058824,0.36,1,0,0,1,1,0,0,0,1,1
demo-row-0211,missing_evidence,1,0.4472,0.4073,5.308436347167652,2.1298307692307694,0.32,1,0,0,4,0,0,0,0,1,0
demo-row-0212,normal_operating_request,0,0.4798,0.4187,5.682511498798697,2.4386071428571428,0.22,1,0,0,0,0,0,0,0,1,0
demo-row-0213,normal_operating_request,0,0.2908,0.4617,6.180335226923986,0.7820341176470588,0.36,1,0,0,4,0,0,0,0,1,1
demo-row-0214,large_amount_or_unusual_frequency,1,0.4526,0.527,5.537080796670033,1.460092857142857,0.22,0,1,0,0,0,0,0,0,1,0
demo-row-0215,normal_operating_request,0,0.2173,0.4566,4.576237660100722,0.6032631578947368,0.25,1,0,0,2,0,1,0,0,1,0
demo-row-0216,normal_operating_request,0,0.4154,0.4399,5.421880208187217,1.7807052631578948,0.25,0,0,0,2,0,0,0,0,1,0
demo-row-0217,new_or_watchlisted_beneficiary,1,0.8656,0.5741,5.887842265107357,8,0.32,0,1,0,7,0,1,0,0,1,0
demo-row-0218,missing_evidence,1,0.7201,0.4395,5.619127780505318,5.400492307692308,0.32,1,0,0,2,0,0,0,0,1,0
demo-row-0219,normal_operating_request,0,0.4154,0.4835,4.8457304085026545,2.8945,0.16,0,0,0,0,0,0,0,0,1,0
demo-row-0220,urgent_after_hours_request,1,0.4904,0.5767,6.446493207288667,2.2890776470588237,0.36,1,0,1,0,0,0,0,1,1,0
demo-row-0221,normal_operating_request,0,0.2324,0.4213,5.041570314751791,0.21397142857142856,0.22,1,0,0,3,0,0,0,0,1,0
demo-row-0222,normal_operating_request,0,0.2324,0.5011,3.947874654897698,0.5073333333333333,0.16,1,0,0,4,0,0,0,0,1,0
demo-row-0223,large_amount_or_unusual_frequency,1,0.6745,0.56,5.112651913528159,6.200722222222222,0.16,0,0,1,8,0,0,0,0,1,0
demo-row-0224,large_amount_or_unusual_frequency,1,0.5121,0.531,6.405762523260687,1.9946317647058824,0.36,1,0,0,3,0,0,0,1,1,0
demo-row-0225,normal_operating_request,0,0.2401,0.44,4.779481048811131,0.0741076923076923,0.32,1,0,0,4,0,0,0,0,1,0
demo-row-0226,normal_operating_request,0,0.4798,0.4137,5.743913298599008,2.9608142857142856,0.22,1,0,0,2,0,0,0,0,1,0
demo-row-0227,large_amount_or_unusual_frequency,1,0.4367,0.5199,4.807960995928133,2.5701111111111112,0.16,0,0,0,6,0,1,0,0,1,0
demo-row-0228,large_amount_or_unusual_frequency,1,0.4798,0.4928,5.48827143741275,2.2400105263157895,0.25,0,0,1,0,0,0,0,0,1,0
demo-row-0229,normal_operating_request,0,0.2401,0.414,5.127661893521127,1.0641692307692308,0.32,1,0,0,3,0,0,0,0,1,0
demo-row-0230,normal_operating_request,0,0.2401,0.4195,5.104377841093703,0.9564153846153847,0.32,1,0,0,4,0,0,0,0,1,0
demo-row-0231,normal_operating_request,0,0.4154,0.481,4.78597723416667,2.3938888888888887,0.16,0,0,0,0,0,0,0,0,1,0
demo-row-0232,urgent_after_hours_request,1,0.5015,0.4072,5.598715018290372,1.8352142857142857,0.22,1,0,0,3,0,0,0,0,1,0
demo-row-0233,urgent_after_hours_request,1,0.7372,0.4209,5.540085350213504,4.335446153846154,0.32,1,0,0,3,0,0,0,0,1,0
demo-row-0234,normal_operating_request,0,0.2173,0.4984,3.953227971559854,0.5012222222222222,0.16,0,0,0,2,0,0,0,0,1,0
demo-row-0235,normal_operating_request,0,0.4258,0.4239,5.238201718354773,1.6624769230769232,0.32,1,0,0,0,0,0,0,0,1,0
demo-row-0236,normal_operating_request,0,0.2908,0.5178,6.268980022909164,1.1855505882352941,0.36,1,0,0,3,0,0,0,1,1,0
demo-row-0237,normal_operating_request,0,0.2173,0.4216,5.145059598905017,0.4700526315789474,0.25,1,0,0,0,0,0,0,0,1,0
demo-row-0238,missing_evidence,1,0.7372,0.6263,6.563065458986975,3.3017623529411764,0.36,1,0,0,5,1,0,0,1,1,0
demo-row-0239,large_amount_or_unusual_frequency,1,0.4904,0.5199,6.423967513970131,2.1228305882352942,0.36,1,0,0,2,0,1,0,0,1,1
demo-row-0240,urgent_after_hours_request,1,0.5015,0.444,5.534670719814661,2.605336842105263,0.25,1,0,0,4,0,1,0,0,1,0
demo-row-0241,new_or_watchlisted_beneficiary,1,0.5015,0.4424,5.486601895697088,2.227578947368421,0.25,1,0,0,4,0,1,0,0,1,0
demo-row-0242,normal_operating_request,0,0.2908,0.4646,6.211789629683109,0.9158894117647058,0.36,1,0,0,4,0,0,0,0,1,1
demo-row-0243,large_amount_or_unusual_frequency,1,0.8552,0.6192,6.764125897834225,5.834502352941176,0.36,0,1,0,1,0,1,0,0,1,1
demo-row-0244,normal_operating_request,0,0.5015,0.4067,5.642880808083328,2.138714285714286,0.22,1,0,0,3,0,0,0,0,1,0
demo-row-0245,normal_operating_request,0,0.6551,0.4427,4.870204856809119,3.120277777777778,0.16,1,0,0,2,0,0,0,0,1,0
demo-row-0246,normal_operating_request,0,0.7114,0.4249,5.754572306616442,3.0592285714285716,0.22,1,0,0,0,0,0,0,0,1,0
demo-row-0247,normal_operating_request,0,0.2246,0.4786,4.876212065360664,0.1568923076923077,0.32,1,0,0,0,0,1,0,0,1,0
demo-row-0248,normal_operating_request,0,0.4367,0.4361,4.761123122587377,2.205111111111111,0.16,1,0,0,3,0,0,0,0,1,0
demo-row-0249,normal_operating_request,0,0.2173,0.4703,4.9127108278062686,0.13904210526315788,0.25,0,0,0,0,0,0,0,0,1,0
demo-row-0250,large_amount_or_unusual_frequency,1,0.6978,0.4971,5.582181584060654,1.729307142857143,0.22,0,1,0,3,0,0,0,0,1,0
demo-row-0251,large_amount_or_unusual_frequency,1,0.2324,0.4967,4.4074928794601025,0.731,0.25,1,0,1,4,0,0,0,0,1,0
demo-row-0252,new_or_watchlisted_beneficiary,1,0.7372,0.4196,5.4920644018915565,3.7769384615384616,0.32,1,0,0,4,0,0,0,0,1,0
demo-row-0253,missing_evidence,1,0.8552,0.5455,5.8981517757762925,8,0.32,0,1,0,1,0,0,0,0,1,0
demo-row-0254,normal_operating_request,0,0.2246,0.5221,3.9801397777457543,0.8530461538461539,0.32,1,0,0,0,0,1,0,0,1,0
demo-row-0255,normal_operating_request,0,0.4154,0.4824,4.692309224216794,1.7354444444444443,0.16,1,0,0,1,0,1,0,0,1,0
demo-row-0256,new_or_watchlisted_beneficiary,1,0.6884,0.5858,6.391502144271834,1.8978976470588236,0.36,0,1,0,2,0,1,0,0,1,1
demo-row-0257,normal_operating_request,0,0.4798,0.4626,5.4983091750747715,2.3157684210526317,0.25,0,0,0,0,0,0,0,0,1,0
demo-row-0258,normal_operating_request,0,0.2648,0.5041,5.498544871715604,1.251207142857143,0.22,1,0,0,2,1,0,0,0,1,0
demo-row-0259,normal_operating_request,0,0.4798,0.445,5.498453916239381,2.316873684210526,0.25,0,0,0,2,0,0,0,0,1,0
demo-row-0260,urgent_after_hours_request,1,0.7372,0.4833,5.790556073645647,8,0.32,1,0,0,4,0,1,0,0,1,0
demo-row-0261,normal_operating_request,0,0.2173,0.545,3.912487761332324,0.5458888888888889,0.16,0,0,0,1,0,1,0,0,1,0
demo-row-0262,normal_operating_request,0,0.4154,0.5029,4.7245543842826985,1.9462777777777778,0.16,0,0,0,1,0,1,0,0,1,0
demo-row-0263,large_amount_or_unusual_frequency,1,0.7289,0.4302,5.806460817401366,3.5743785714285714,0.22,1,0,0,4,0,0,0,0,1,0
demo-row-0264,normal_operating_request,0,0.4154,0.4545,4.786687550613436,2.3994444444444443,0.16,0,0,0,2,0,0,0,0,1,0
demo-row-0265,new_or_watchlisted_beneficiary,1,0.7372,0.621,6.68072085809419,4.640295294117647,0.36,1,0,1,7,0,0,0,1,1,0
demo-row-0266,missing_evidence,1,0.4798,0.4871,5.487999037869176,2.237978947368421,0.25,0,0,1,1,0,0,0,0,1,0
demo-row-0267,large_amount_or_unusual_frequency,1,0.7201,0.4173,5.5024790137088075,3.892876923076923,0.32,1,0,0,2,0,0,0,0,1,0
demo-row-0268,normal_operating_request,0,0.2401,0.4333,4.81786272970964,0.011446153846153845,0.32,1,0,0,4,0,0,0,0,1,0
demo-row-0269,normal_operating_request,0,0.2173,0.4057,5.257469775402719,0.9043368421052631,0.25,1,0,0,2,0,0,0,0,1,0
demo-row-0270,normal_operating_request,0,0.2324,0.5187,4.397887890207039,0.38866666666666666,0.16,0,0,0,4,0,1,0,0,1,0
demo-row-0271,normal_operating_request,0,0.7114,0.4185,5.782495556602763,3.328792857142857,0.22,1,0,0,2,0,0,0,0,1,0
demo-row-0272,normal_operating_request,0,0.2648,0.4079,5.554494005661382,1.5607357142857143,0.22,1,0,0,2,0,0,0,0,1,0
demo-row-0273,normal_operating_request,0,0.4798,0.4515,5.4931958615541445,2.2769578947368423,0.25,0,0,0,1,0,0,0,0,1,0
demo-row-0274,normal_operating_request,0,0.2732,0.4746,6.318484688458621,1.4494329411764706,0.36,1,0,0,0,0,0,0,0,1,1
demo-row-0275,missing_evidence,1,0.2732,0.6012,6.112608687660368,0.5247176470588235,0.36,1,0,1,1,0,1,1,0,1,1
demo-row-0276,normal_operating_request,0,0.4154,0.4878,4.845897646148486,2.896,0.16,1,0,0,0,0,1,0,0,1,0
demo-row-0277,missing_evidence,1,0.6745,0.5141,4.969262111326411,4.175888888888889,0.16,0,0,0,7,0,0,0,0,1,0
demo-row-0278,normal_operating_request,0,0.2173,0.4637,4.663691504582873,0.5147578947368421,0.25,0,0,0,1,0,0,0,0,1,0
demo-row-0279,normal_operating_request,0,0.2173,0.4539,5.192422478480224,0.6394421052631579,0.25,0,0,0,0,0,0,0,0,1,0
demo-row-0280,normal_operating_request,0,0.2324,0.4974,4.418781733108055,0.45711111111111113,0.16,1,0,1,3,0,0,0,0,1,0
demo-row-0281,normal_operating_request,0,0.5015,0.4098,5.709558263940217,2.6595642857142856,0.22,1,0,0,3,0,0,0,0,1,0
demo-row-0282,normal_operating_request,0,0.4154,0.4415,4.850719734376298,2.9395,0.16,1,0,0,1,0,0,0,0,1,0
demo-row-0283,normal_operating_request,0,0.4798,0.4183,5.510339878263525,2.408905263157895,0.25,1,0,0,0,0,0,0,0,1,0
demo-row-0284,missing_evidence,1,0.6838,0.4112,5.417162677847767,3.0202,0.32,1,0,0,4,0,0,0,0,1,0
demo-row-0285,urgent_after_hours_request,1,0.4472,0.4067,5.386581001112908,2.7468461538461537,0.32,1,0,0,3,0,0,0,0,1,0
demo-row-0286,normal_operating_request,0,0.4904,0.4698,6.353636608306754,1.655935294117647,0.36,1,0,0,2,0,0,0,0,1,1
demo-row-0287,normal_operating_request,0,0.2732,0.4604,5.952564342237605,0.05473882352941176,0.36,1,0,0,2,0,0,0,0,1,1
demo-row-0288,normal_operating_request,0,0.2324,0.4972,4.329316505090259,0.7753157894736842,0.25,1,0,1,3,0,0,0,0,1,0
demo-row-0289,missing_evidence,1,0.7289,0.5423,6.017584209701192,6.4379928571428575,0.22,1,0,0,9,0,0,0,0,1,0
demo-row-0290,urgent_after_hours_request,1,0.4367,0.444,4.838609848181629,2.831166666666667,0.16,1,0,0,4,0,0,0,0,1,0
demo-row-0291,large_amount_or_unusual_frequency,1,0.6745,0.5704,5.038969681964247,5.077055555555556,0.16,1,0,1,6,0,0,1,0,1,0
demo-row-0292,large_amount_or_unusual_frequency,1,0.8552,0.5186,5.61505741163297,5.3407846153846155,0.32,0,1,0,2,0,0,0,0,1,0
demo-row-0293,normal_operating_request,0,0.2246,0.4484,4.799753966411886,0.02986153846153846,0.32,1,0,0,0,0,0,0,0,1,0
demo-row-0294,large_amount_or_unusual_frequency,1,0.4258,0.4119,5.379655351072603,2.6875692307692307,0.32,1,0,0,1,0,0,0,0,1,0
demo-row-0295,normal_operating_request,0,0.2173,0.4807,4.611234584561987,1.269611111111111,0.16,0,0,0,0,0,0,0,0,1,0
demo-row-0296,normal_operating_request,0,0.2732,0.5178,5.88554157312448,0.0960964705882353,0.36,1,0,1,1,0,0,0,0,1,1
demo-row-0297,normal_operating_request,0,0.7114,0.4185,5.779973629806959,3.3037285714285716,0.22,1,0,0,2,0,0,0,0,1,0
demo-row-0298,normal_operating_request,0,0.2648,0.4089,5.432756097720908,0.9347571428571428,0.22,1,0,0,2,0,0,0,0,1,0
demo-row-0299,large_amount_or_unusual_frequency,1,0.5015,0.4502,5.522793615218866,2.5080736842105265,0.25,0,0,0,3,0,0,0,0,1,0
demo-row-0300,normal_operating_request,0,0.4154,0.4595,4.757373250513069,2.1775555555555557,0.16,0,0,0,1,0,0,0,0,1,0
demo-row-0301,normal_operating_request,0,0.2173,0.4347,4.740165238032828,0.6073285714285714,0.22,1,0,0,0,0,0,0,0,1,0
demo-row-0302,normal_operating_request,0,0.2821,0.4966,5.471667154766698,1.116107142857143,0.22,1,0,0,3,0,0,1,0,1,0
demo-row-0303,normal_operating_request,0,0.2173,0.4811,4.612412959195415,1.2757777777777777,0.16,0,0,0,0,0,0,0,0,1,0
demo-row-0304,urgent_after_hours_request,1,0.6745,0.5731,5.1607625632771335,7.044277777777777,0.16,1,0,0,5,1,0,0,0,1,0
demo-row-0305,normal_operating_request,0,0.2173,0.4188,5.192731885454587,0.6406105263157895,0.25,1,0,0,0,0,0,0,0,1,0
demo-row-0306,normal_operating_request,0,0.4367,0.4532,4.697900323663204,1.770888888888889,0.16,0,0,0,3,0,0,0,0,1,0
demo-row-0307,urgent_after_hours_request,1,0.8656,0.6148,6.55957760910767,3.267352941176471,0.36,0,1,0,9,0,1,0,0,1,1
demo-row-0308,urgent_after_hours_request,1,0.4904,0.4935,6.428848686202884,2.1581270588235295,0.36,1,0,0,0,0,0,0,0,1,1
demo-row-0309,normal_operating_request,0,0.2173,0.4435,4.336519770410416,0.7715578947368421,0.25,1,0,0,2,0,0,0,0,1,0
demo-row-0310,urgent_after_hours_request,1,0.4204,0.5062,5.224359517320208,1.5789538461538462,0.32,0,1,0,3,0,0,0,0,1,0
demo-row-0311,normal_operating_request,0,0.4367,0.4566,4.832413101885117,2.7768888888888887,0.16,0,0,0,3,0,0,0,0,1,0
demo-row-0312,large_amount_or_unusual_frequency,1,0.4632,0.5574,6.303421788663887,1.3659341176470587,0.36,0,1,0,2,0,0,0,0,1,1
demo-row-0313,normal_operating_request,0,0.2173,0.511,4.301290494211371,0.11172222222222222,0.16,1,0,1,0,0,0,0,0,1,0
demo-row-0314,normal_operating_request,0,0.2732,0.4602,6.0985495896401165,0.4761494117647059,0.36,1,0,0,0,0,0,0,0,1,1
demo-row-0315,normal_operating_request,0,0.2324,0.4167,5.2788381658550945,0.3574,0.22,1,0,0,4,0,0,0,0,1,0
demo-row-0316,normal_operating_request,0,0.2324,0.4739,4.36707624226875,0.29355555555555557,0.16,0,0,0,3,0,0,0,0,1,0
demo-row-0317,urgent_after_hours_request,1,0.7201,0.5566,6.656600561678758,4.335578823529412,0.36,1,0,0,1,0,0,0,1,1,0
demo-row-0318,missing_evidence,1,0.2908,0.4646,6.233377410975185,1.013530588235294,0.36,1,0,0,4,0,0,0,0,1,1
demo-row-0319,urgent_after_hours_request,1,0.6745,0.4736,4.873617006917229,3.1527777777777777,0.16,0,0,0,4,0,0,0,0,1,0
demo-row-0320,missing_evidence,1,0.6745,0.5016,5.11436741750256,6.229222222222222,0.16,1,0,0,6,0,0,0,0,1,0
demo-row-0321,normal_operating_request,0,0.2246,0.4528,4.638359448401479,0.3309846153846154,0.32,1,0,0,0,0,0,0,0,1,0
demo-row-0322,urgent_after_hours_request,1,0.7201,0.4779,5.601854738690508,5.1509230769230765,0.32,1,0,1,1,0,0,0,0,1,0
demo-row-0323,missing_evidence,1,0.7201,0.4764,5.5889078323911505,4.970261538461538,0.32,1,0,1,1,0,0,0,0,1,0
demo-row-0324,normal_operating_request,0,0.2173,0.4511,5.078435066532871,0.26097894736842103,0.25,0,0,0,1,0,0,0,0,1,0
demo-row-0325,normal_operating_request,0,0.2732,0.5196,5.829334011542207,0.20582823529411765,0.36,1,0,0,2,0,0,0,1,1,0
demo-row-0326,normal_operating_request,0,0.2401,0.4252,4.976171088048603,0.4563076923076923,0.32,1,0,0,4,0,0,0,0,1,0
demo-row-0327,urgent_after_hours_request,1,0.6884,0.5702,6.367356666595305,1.74118,0.36,0,1,0,0,0,0,0,0,1,1
demo-row-0328,missing_evidence,1,0.6792,0.5254,5.574663140601464,1.6824642857142857,0.22,0,1,0,2,0,1,0,0,1,0
demo-row-0329,urgent_after_hours_request,1,0.2173,0.5458,4.487124228846722,0.6768631578947368,0.25,1,0,1,1,0,0,1,0,1,0
demo-row-0330,normal_operating_request,0,0.4798,0.4416,5.487631804425517,2.2352421052631577,0.25,0,0,0,2,0,0,0,0,1,0
demo-row-0331,normal_operating_request,0,0.5015,0.4503,5.594920455257472,1.81055,0.22,1,0,0,3,0,1,0,0,1,0
demo-row-0332,missing_evidence,1,0.6745,0.4913,5.018146878075398,4.7925555555555555,0.16,1,0,1,4,0,0,0,0,1,0
demo-row-0333,normal_operating_request,0,0.2173,0.4224,4.757449173467338,0.5913857142857143,0.22,1,0,0,2,0,0,0,0,1,0
demo-row-0334,urgent_after_hours_request,1,0.8656,0.6131,5.6468711009837484,5.822707692307692,0.32,0,1,1,6,0,0,1,0,1,0
demo-row-0335,new_or_watchlisted_beneficiary,1,0.6884,0.5946,6.361320730220406,1.7033458823529413,0.36,0,1,1,2,0,0,0,0,1,1
demo-row-0336,normal_operating_request,0,0.2324,0.4329,4.625991148701336,0.5551052631578948,0.25,1,0,0,3,0,0,0,0,1,0
demo-row-0337,urgent_after_hours_request,1,0.7289,0.6459,5.652900674918328,3.733431578947368,0.25,0,0,1,8,1,1,0,0,1,0
demo-row-0338,missing_evidence,1,0.7289,0.5651,5.662088880893401,3.834642105263158,0.25,1,0,1,6,0,0,1,0,1,0
demo-row-0339,large_amount_or_unusual_frequency,1,0.7289,0.4897,5.643355936486954,3.630536842105263,0.25,0,0,0,3,0,1,0,0,1,0
demo-row-0340,normal_operating_request,0,0.7114,0.426,5.839224687412979,3.9328285714285713,0.22,1,0,0,1,0,0,0,0,1,0
demo-row-0341,missing_evidence,1,0.7201,0.4185,5.482150109603537,3.6691230769230767,0.32,1,0,0,1,0,0,0,0,1,0
demo-row-0342,normal_operating_request,0,0.2401,0.413,5.195564812328098,1.4135076923076924,0.32,1,0,0,3,0,0,0,0,1,0
demo-row-0343,new_or_watchlisted_beneficiary,1,0.7372,0.4612,5.527681446118791,4.185215384615384,0.32,1,0,0,4,0,1,0,0,1,0
demo-row-0344,large_amount_or_unusual_frequency,1,0.6978,0.5737,5.742038985438086,2.9437571428571427,0.22,0,1,0,3,1,0,0,0,1,0
demo-row-0345,normal_operating_request,0,0.2173,0.4431,5.373187949912719,1.485778947368421,0.25,0,0,0,2,0,0,0,0,1,0
demo-row-0346,new_or_watchlisted_beneficiary,1,0.7114,0.4574,5.747219867916186,2.991085714285714,0.22,1,0,1,1,0,0,0,0,1,0
demo-row-0347,urgent_after_hours_request,1,0.8656,0.5376,5.588659316762837,4.966846153846154,0.32,0,1,0,3,0,1,0,0,1,0
demo-row-0348,urgent_after_hours_request,1,0.4632,0.5618,6.068818283184809,0.3784752941176471,0.36,0,1,0,0,0,0,0,0,1,1
demo-row-0349,normal_operating_request,0,0.2648,0.4072,5.497036133982663,1.2434,0.22,1,0,0,1,0,0,0,0,1,0
demo-row-0350,new_or_watchlisted_beneficiary,1,0.4204,0.5077,5.142889805439042,1.1378307692307692,0.32,0,1,0,3,0,0,0,0,1,0
demo-row-0351,missing_evidence,1,0.4258,0.4086,5.394765030305469,2.8181230769230767,0.32,1,0,0,2,0,0,0,0,1,0
demo-row-0352,normal_operating_request,0,0.2246,0.497,5.233851158416048,0.7984282352941177,0.36,1,0,0,0,0,0,0,0,1,1
demo-row-0353,normal_operating_request,0,0.2246,0.4453,4.898949947580058,0.21907692307692309,0.32,1,0,0,0,0,0,0,0,1,0
demo-row-0354,normal_operating_request,0,0.2246,0.4206,4.940606123624698,0.3418,0.32,1,0,0,2,0,0,0,0,1,0
demo-row-0355,normal_operating_request,0,0.2173,0.4787,4.65662517127951,1.5196666666666667,0.16,0,0,0,0,0,0,0,0,1,0
demo-row-0356,missing_evidence,1,0.8656,0.5926,5.844668496545662,8,0.32,0,1,1,7,0,0,0,0,1,0
demo-row-0357,normal_operating_request,0,0.2648,0.4078,5.448206825949949,1.0048285714285714,0.22,1,0,0,1,0,0,0,0,1,0
demo-row-0358,normal_operating_request,0,0.2324,0.4372,5.3396163822555565,1.300863157894737,0.25,1,0,0,3,0,1,0,0,1,0
demo-row-0359,normal_operating_request,0,0.2732,0.5107,5.698030913671677,0.4130364705882353,0.36,1,0,0,0,0,1,0,0,1,1
demo-row-0360,urgent_after_hours_request,1,0.7067,0.5818,6.450129891983252,2.316735294117647,0.36,0,1,0,4,0,0,0,1,1,0
demo-row-0361,normal_operating_request,0,0.2648,0.4487,5.561863116812065,1.6045571428571428,0.22,1,0,0,1,0,1,0,0,1,0
demo-row-0362,large_amount_or_unusual_frequency,1,0.5121,0.4896,6.427741968838821,2.150089411764706,0.36,1,0,0,3,0,0,0,0,1,1
demo-row-0363,normal_operating_request,0,0.2732,0.5298,6.10624938874402,0.5025541176470588,0.36,1,0,0,0,0,0,0,1,1,0
demo-row-0364,large_amount_or_unusual_frequency,1,0.6745,0.5572,5.114487549673971,6.231222222222223,0.16,0,0,0,8,0,1,0,0,1,0
demo-row-0365,missing_evidence,1,0.7289,0.5157,5.835749530098709,6.211494736842106,0.25,1,0,1,3,0,1,0,0,1,0
demo-row-0366,normal_operating_request,0,0.7114,0.4157,5.748680981578686,3.0045357142857143,0.22,1,0,0,2,0,0,0,0,1,0
demo-row-0367,normal_operating_request,0,0.4154,0.49,4.8037984079896745,2.5360555555555555,0.16,1,0,0,0,0,1,0,0,1,0
demo-row-0368,normal_operating_request,0,0.2173,0.5155,4.624364614263031,1.3392777777777778,0.16,0,0,1,0,0,0,0,0,1,0
demo-row-0369,normal_operating_request,0,0.2173,0.4116,5.222354841987708,0.19185714285714286,0.22,1,0,0,1,0,0,0,0,1,0
demo-row-0370,normal_operating_request,0,0.2732,0.4565,6.149210796298442,0.6587905882352941,0.36,1,0,0,2,0,0,0,0,1,1
demo-row-0371,normal_operating_request,0,0.2246,0.5419,5.116962870233652,0.8459929411764706,0.36,1,0,0,0,0,0,0,1,1,0
demo-row-0372,normal_operating_request,0,0.2324,0.4259,5.1054727146100545,0.08937142857142857,0.22,1,0,0,4,0,0,0,0,1,0
demo-row-0373,large_amount_or_unusual_frequency,1,0.4258,0.4203,5.361856217148141,2.5394923076923077,0.32,1,0,0,0,0,0,0,0,1,0
demo-row-0374,urgent_after_hours_request,1,0.8606,0.5938,6.049768684541792,7.010142857142857,0.22,0,1,1,4,0,1,0,0,1,0
demo-row-0375,normal_operating_request,0,0.4154,0.4602,4.766018531042229,2.2414444444444444,0.16,0,0,0,1,0,0,0,0,1,0
demo-row-0376,normal_operating_request,0,0.2324,0.4456,4.63360983076968,1.3896111111111111,0.16,1,0,0,4,0,0,0,0,1,0
demo-row-0377,normal_operating_request,0,0.2821,0.4086,5.558319690919808,1.583392857142857,0.22,1,0,0,3,0,0,0,0,1,0
demo-row-0378,new_or_watchlisted_beneficiary,1,0.6792,0.5251,5.651948326304128,2.2049357142857144,0.22,0,1,0,0,0,0,0,0,1,0
demo-row-0379,urgent_after_hours_request,1,0.4798,0.5505,5.712713662770934,2.68625,0.22,1,0,0,2,1,1,0,0,1,0
demo-row-0380,normal_operating_request,0,0.2173,0.436,5.046284404289747,0.171,0.25,1,0,0,2,0,1,0,0,1,0
demo-row-0381,normal_operating_request,0,0.4154,0.4768,4.806512353473801,2.558222222222222,0.16,1,0,0,1,0,1,0,0,1,0
demo-row-0382,large_amount_or_unusual_frequency,1,0.6745,0.5262,5.1742226739743,7.2975,0.16,0,0,0,7,0,0,0,0,1,0
demo-row-0383,normal_operating_request,0,0.4904,0.4762,6.399811601066683,1.9538776470588235,0.36,1,0,0,2,0,0,0,0,1,1
demo-row-0384,large_amount_or_unusual_frequency,1,0.5015,0.4607,5.63382281646626,2.0739285714285716,0.22,1,0,0,4,0,1,0,0,1,0
demo-row-0385,normal_operating_request,0,0.2173,0.4845,5.27763213161403,0.9948315789473684,0.25,1,0,1,1,0,1,0,0,1,0
demo-row-0386,normal_operating_request,0,0.2401,0.4748,5.336809830185024,0.7445011764705882,0.36,1,0,0,3,0,0,0,0,1,1
demo-row-0387,new_or_watchlisted_beneficiary,1,0.6551,0.5989,4.943766483083642,3.880777777777778,0.16,0,0,1,1,1,0,0,0,1,0
demo-row-0388,large_amount_or_unusual_frequency,1,0.4904,0.5207,6.409482879826189,2.020395294117647,0.36,1,0,0,1,0,1,0,0,1,1
demo-row-0389,normal_operating_request,0,0.2173,0.528,3.5957166199434245,0.7810555555555555,0.16,0,0,0,1,0,0,0,0,1,0
demo-row-0390,missing_evidence,1,0.3994,0.542,4.6267200806648345,0.34867692307692305,0.32,0,1,0,0,0,0,0,0,1,0
demo-row-0391,normal_operating_request,0,0.4904,0.4892,6.42215927118166,2.109855294117647,0.36,1,0,0,1,0,0,0,0,1,1
demo-row-0392,new_or_watchlisted_beneficiary,1,0.4526,0.5059,5.516997846195275,1.3489214285714286,0.22,0,1,0,1,0,0,0,0,1,0
demo-row-0393,normal_operating_request,0,0.2173,0.4199,4.830601498465559,0.5164214285714286,0.22,1,0,0,2,0,0,0,0,1,0
demo-row-0394,normal_operating_request,0,0.4798,0.4065,5.601692857354796,1.8547214285714286,0.22,1,0,0,2,0,0,0,0,1,0
demo-row-0395,large_amount_or_unusual_frequency,1,0.8498,0.5812,5.744931825804585,2.9701142857142857,0.22,0,1,0,1,1,0,0,0,1,0
demo-row-0396,normal_operating_request,0,0.5015,0.4427,5.479079842696085,2.1721578947368423,0.25,0,0,0,3,0,0,0,0,1,0
demo-row-0397,normal_operating_request,0,0.5015,0.442,5.43862461171613,1.8900105263157894,0.25,0,0,0,3,0,0,0,0,1,0
demo-row-0398,normal_operating_request,0,0.4154,0.4516,4.715058561403927,1.8825555555555555,0.16,0,0,0,2,0,0,0,0,1,0
demo-row-0399,large_amount_or_unusual_frequency,1,0.6884,0.5692,6.3733447935727945,1.7792376470588236,0.36,0,1,0,0,0,0,0,0,1,1
demo-row-0400,normal_operating_request,0,0.2732,0.5244,5.968176032093136,0.0933435294117647,0.36,1,0,0,2,0,0,0,1,1,0
demo-row-0401,urgent_after_hours_request,1,0.4367,0.4631,4.764728926583356,2.2318333333333333,0.16,0,0,0,4,0,0,0,0,1,0
demo-row-0402,large_amount_or_unusual_frequency,1,0.8606,0.5459,5.8199576342411605,3.7187714285714284,0.22,0,1,0,5,0,1,0,0,1,0
demo-row-0403,missing_evidence,1,0.5015,0.4069,5.471529334235784,2.1174842105263156,0.25,1,0,0,4,0,0,0,0,1,0
demo-row-0404,new_or_watchlisted_beneficiary,1,0.7289,0.5632,5.645660967448504,3.655178947368421,0.25,0,0,1,8,0,1,0,0,1,0
demo-row-0405,normal_operating_request,0,0.2173,0.4049,5.342529267296323,1.3163473684210527,0.25,1,0,0,2,0,0,0,0,1,0
demo-row-0406,large_amount_or_unusual_frequency,1,0.8552,0.5512,5.47136213148153,3.5545692307692307,0.32,0,1,0,1,0,1,0,0,1,0
demo-row-0407,normal_operating_request,0,0.2648,0.4081,5.483280543952669,1.1734571428571428,0.22,1,0,0,2,0,0,0,0,1,0
demo-row-0408,normal_operating_request,0,0.2246,0.4276,5.126258071547405,1.0575076923076923,0.32,1,0,0,0,0,0,0,0,1,0
demo-row-0409,normal_operating_request,0,0.2173,0.4159,5.071951930449381,0.24229473684210526,0.25,1,0,0,1,0,0,0,0,1,0
demo-row-0410,normal_operating_request,0,0.2324,0.4963,4.016573746269123,0.42288888888888887,0.16,1,0,0,4,0,0,0,0,1,0
demo-row-0411,missing_evidence,1,0.7372,0.4263,5.5849110274477844,4.915569230769231,0.32,1,0,0,4,0,0,0,0,1,0
demo-row-0412,normal_operating_request,0,0.2821,0.4086,5.559244509416333,1.5889,0.22,1,0,0,3,0,0,0,0,1,0
demo-row-0413,normal_operating_request,0,0.2173,0.4501,5.3816041765291915,1.534421052631579,0.25,0,0,0,1,0,0,0,0,1,0
demo-row-0414,normal_operating_request,0,0.2732,0.4625,6.247576085661308,1.0804482352941176,0.36,1,0,0,1,0,0,0,0,1,1
demo-row-0415,normal_operating_request,0,0.2324,0.4563,4.807677063782658,0.324,0.25,0,0,0,4,0,0,0,0,1,0
demo-row-0416,missing_evidence,1,0.7289,0.5534,5.670636356894948,3.9307368421052633,0.25,0,0,0,5,0,1,1,0,1,0
demo-row-0417,new_or_watchlisted_beneficiary,1,0.7372,0.5831,6.778979022497925,6.0722894117647055,0.36,1,0,0,5,0,0,0,1,1,0
demo-row-0418,normal_operating_request,0,0.4154,0.4575,4.827026613988346,2.7303333333333333,0.16,0,0,0,2,0,0,0,0,1,0
demo-row-0419,normal_operating_request,0,0.5015,0.4067,5.639272277472094,2.112742857142857,0.22,1,0,0,3,0,0,0,0,1,0
demo-row-0420,new_or_watchlisted_beneficiary,1,0.6745,0.5114,5.07351306562535,5.580166666666667,0.16,1,0,0,6,0,1,0,0,1,0
demo-row-0421,new_or_watchlisted_beneficiary,1,0.4472,0.4082,5.276254948021725,1.9062923076923077,0.32,1,0,0,4,0,0,0,0,1,0
demo-row-0422,missing_evidence,1,0.7067,0.6433,6.443076083242041,2.2633,0.36,0,1,1,3,0,1,0,1,1,0
demo-row-0423,normal_operating_request,0,0.2173,0.4458,4.35191220632801,0.7633157894736842,0.25,1,0,0,1,0,0,0,0,1,0
demo-row-0424,large_amount_or_unusual_frequency,1,0.4849,0.5871,6.249969126823707,1.0919435294117648,0.36,0,1,1,3,0,0,0,0,1,1
demo-row-0425,missing_evidence,1,0.8552,0.526,5.62214975506598,5.4451846153846155,0.32,0,1,0,1,0,0,0,0,1,0
demo-row-0426,normal_operating_request,0,0.4154,0.4394,5.430624835272088,1.837263157894737,0.25,0,0,0,2,0,0,0,0,1,0
demo-row-0427,new_or_watchlisted_beneficiary,1,0.8656,0.5624,5.929120948592866,8,0.32,0,1,0,9,0,0,0,0,1,0
demo-row-0428,urgent_after_hours_request,1,0.2324,0.4888,4.465293603686642,0.6218333333333333,0.16,1,0,0,3,0,1,0,0,1,0
demo-row-0429,large_amount_or_unusual_frequency,1,0.3994,0.595,5.029485236506347,0.646523076923077,0.32,0,1,1,1,0,1,0,0,1,0
demo-row-0430,normal_operating_request,0,0.2908,0.5031,5.64276120326532,0.48317764705882355,0.36,1,0,0,3,0,1,0,0,1,1
demo-row-0431,normal_operating_request,0,0.2246,0.4251,4.838798734834607,0.0614,0.32,1,0,0,2,0,0,0,0,1,0
demo-row-0432,normal_operating_request,0,0.2324,0.5472,4.056294887076228,0.3676111111111111,0.16,0,0,1,4,0,0,0,0,1,0
demo-row-0433,normal_operating_request,0,0.4367,0.405,5.399708325240421,1.6423052631578947,0.25,1,0,0,3,0,0,0,0,1,0
demo-row-0434,new_or_watchlisted_beneficiary,1,0.5121,0.4878,6.411374883413074,2.0335823529411763,0.36,1,0,0,4,0,0,0,0,1,1
demo-row-0435,urgent_after_hours_request,1,0.2908,0.5239,6.1525732948652605,0.6716835294117647,0.36,1,0,0,4,0,0,0,1,1,0
demo-row-0436,normal_operating_request,0,0.2173,0.4438,4.947095369811276,0.06810526315789474,0.25,0,0,0,2,0,0,0,0,1,0
demo-row-0437,normal_operating_request,0,0.2173,0.47,4.9101386198130985,0.14412631578947369,0.25,1,0,1,2,0,0,0,0,1,0
demo-row-0438,normal_operating_request,0,0.2732,0.4661,6.327135087315986,1.498710588235294,0.36,1,0,0,2,0,0,0,0,1,1
demo-row-0439,new_or_watchlisted_beneficiary,1,0.8606,0.5747,6.122692521123335,8,0.22,0,1,0,6,0,1,0,0,1,0
demo-row-0440,missing_evidence,1,0.7372,0.4508,5.920333115013785,8,0.32,1,0,0,4,0,0,0,0,1,0
demo-row-0441,new_or_watchlisted_beneficiary,1,0.4798,0.5685,5.468741561720834,2.097536842105263,0.25,0,0,1,1,1,0,0,0,1,0
demo-row-0442,new_or_watchlisted_beneficiary,1,0.4472,0.4067,5.378692176565021,2.6794,0.32,1,0,0,3,0,0,0,0,1,0
demo-row-0443,missing_evidence,1,0.65,0.5096,5.399292898043911,2.8581384615384615,0.32,0,1,0,3,0,0,0,0,1,0
demo-row-0444,normal_operating_request,0,0.4798,0.4626,5.491304251087949,2.2627157894736842,0.25,0,0,0,0,0,0,0,0,1,0
demo-row-0445,normal_operating_request,0,0.2732,0.4674,6.3214117907822756,1.4659976470588236,0.36,1,0,0,1,0,0,0,0,1,1
demo-row-0446,normal_operating_request,0,0.7289,0.4245,5.799212999805849,3.4986714285714284,0.22,1,0,0,3,0,0,0,0,1,0
demo-row-0447,normal_operating_request,0,0.2173,0.4989,5.0378685360923265,0.14852631578947367,0.25,0,0,1,0,0,0,0,0,1,0
demo-row-0448,missing_evidence,1,0.2324,0.4465,5.361463402366721,1.4195684210526316,0.25,0,0,0,4,0,0,0,0,1,0
demo-row-0449,new_or_watchlisted_beneficiary,1,0.7201,0.4294,5.52181385360141,4.115630769230769,0.32,1,0,0,0,0,0,0,0,1,0
demo-row-0450,new_or_watchlisted_beneficiary,1,0.4904,0.5764,6.390234020992292,1.8894482352941175,0.36,1,0,1,0,0,1,0,0,1,1
demo-row-0451,normal_operating_request,0,0.2324,0.514,4.464027286100384,0.6171111111111112,0.16,0,0,0,4,0,1,0,0,1,0
demo-row-0452,normal_operating_request,0,0.2324,0.4512,4.704038924870558,0.4675157894736842,0.25,0,0,0,3,0,0,0,0,1,0
demo-row-0453,normal_operating_request,0,0.2324,0.4696,4.472200430565602,0.6478333333333334,0.16,0,0,0,3,0,0,0,0,1,0
demo-row-0454,normal_operating_request,0,0.4798,0.4464,5.440553318443159,1.9028736842105263,0.25,0,0,0,1,0,0,0,0,1,0
demo-row-0455,normal_operating_request,0,0.2324,0.423,5.008344629252689,0.0730421052631579,0.25,1,0,0,4,0,0,0,0,1,0
demo-row-0456,large_amount_or_unusual_frequency,1,0.4798,0.4747,5.490987479022918,2.260336842105263,0.25,0,0,0,2,0,1,0,0,1,0
demo-row-0457,normal_operating_request,0,0.2732,0.4692,6.222028857615633,0.9615964705882353,0.36,1,0,0,0,0,0,0,0,1,1
demo-row-0458,large_amount_or_unusual_frequency,1,0.5015,0.4098,5.498777686058299,2.319347368421053,0.25,1,0,0,4,0,0,0,0,1,0
demo-row-0459,urgent_after_hours_request,1,0.6745,0.535,5.170402544823388,7.224833333333334,0.16,1,0,0,7,0,1,0,0,1,0
demo-row-0460,missing_evidence,1,0.7372,0.4553,5.4859371008977575,3.7100153846153847,0.32,1,0,0,3,0,1,0,0,1,0
demo-row-0461,new_or_watchlisted_beneficiary,1,0.2324,0.4452,5.391152200075609,1.5907578947368421,0.25,1,0,1,4,0,0,0,0,1,0
demo-row-0462,normal_operating_request,0,0.4154,0.4519,4.7779268069151035,2.3315555555555556,0.16,0,0,0,2,0,0,0,0,1,0
demo-row-0463,normal_operating_request,0,0.7289,0.4147,5.764728180038756,3.1552714285714285,0.22,1,0,0,3,0,0,0,0,1,0
demo-row-0464,normal_operating_request,0,0.2732,0.4674,6.323992760435593,1.4806964705882353,0.36,1,0,0,1,0,0,0,0,1,1
demo-row-0465,new_or_watchlisted_beneficiary,1,0.2173,0.5334,5.139847614646311,0.4525157894736842,0.25,0,0,1,1,0,0,1,0,1,0
demo-row-0466,normal_operating_request,0,0.2908,0.5246,5.627553259291021,0.5009623529411765,0.36,1,0,1,3,0,0,0,0,1,1
demo-row-0467,normal_operating_request,0,0.2173,0.5226,4.310799483834392,0.13633333333333333,0.16,0,0,1,1,0,0,0,0,1,0
demo-row-0468,new_or_watchlisted_beneficiary,1,0.6745,0.5764,5.142574033338469,6.714333333333333,0.16,0,0,1,9,0,0,0,0,1,0
demo-row-0469,normal_operating_request,0,0.2173,0.4416,4.467519313989927,0.6911263157894737,0.25,1,0,0,1,0,0,0,0,1,0
demo-row-0470,normal_operating_request,0,0.2732,0.4604,6.028414666999569,0.2560164705882353,0.36,1,0,0,0,0,0,0,0,1,1
demo-row-0471,urgent_after_hours_request,1,0.7372,0.4323,5.614562933651295,5.333569230769231,0.32,1,0,0,4,0,0,0,0,1,0
demo-row-0472,normal_operating_request,0,0.2324,0.4535,4.510357311542046,0.7991666666666667,0.16,1,0,0,3,0,0,0,0,1,0
demo-row-0473,urgent_after_hours_request,1,0.7114,0.515,5.868784870871684,6.781452631578947,0.25,0,0,0,1,0,1,0,0,1,0
demo-row-0474,new_or_watchlisted_beneficiary,1,0.7067,0.5548,6.377932829727651,1.8087541176470587,0.36,0,1,0,3,0,0,0,0,1,1
demo-row-0475,normal_operating_request,0,0.2908,0.5001,6.118475041714399,0.5454529411764706,0.36,1,0,0,3,0,1,0,0,1,1
demo-row-0476,normal_operating_request,0,0.4101,0.5072,5.33487979409998,0.5443642857142857,0.22,0,1,0,3,0,0,0,0,1,0
demo-row-0477,normal_operating_request,0,0.2246,0.4923,3.9351544472161684,0.8675076923076923,0.32,1,0,0,0,0,0,0,0,1,0
demo-row-0478,missing_evidence,1,0.5015,0.4559,5.474341579301584,2.137736842105263,0.25,1,0,0,7,0,0,0,0,1,0
demo-row-0479,normal_operating_request,0,0.2401,0.414,5.1146543448037995,1.0032615384615384,0.32,1,0,0,3,0,0,0,0,1,0
demo-row-0480,normal_operating_request,0,0.4258,0.4091,5.308854557649385,2.132846153846154,0.32,1,0,0,1,0,0,0,0,1,0
demo-row-0481,normal_operating_request,0,0.2173,0.4431,5.373618077340892,1.4882421052631578,0.25,0,0,0,2,0,0,0,0,1,0
demo-row-0482,new_or_watchlisted_beneficiary,1,0.4904,0.4921,6.444087754578438,2.270910588235294,0.36,1,0,0,2,0,0,0,0,1,1
demo-row-0483,urgent_after_hours_request,1,0.7201,0.4469,5.69238418886891,6.576523076923077,0.32,1,0,0,1,0,0,0,0,1,0
demo-row-0484,normal_operating_request,0,0.2908,0.4645,5.811314216855161,0.23810588235294117,0.36,1,0,0,4,0,0,0,0,1,1
demo-row-0485,new_or_watchlisted_beneficiary,1,0.4798,0.4383,5.509178319487444,2.3998,0.25,1,0,0,2,0,1,0,0,1,0
demo-row-0486,missing_evidence,1,0.4258,0.4203,5.32828580201302,2.2762,0.32,1,0,0,0,0,0,0,0,1,0
demo-row-0487,normal_operating_request,0,0.2324,0.4185,5.216123658822992,0.17487857142857144,0.22,1,0,0,4,0,0,0,0,1,0
demo-row-0488,urgent_after_hours_request,1,0.4101,0.5693,5.4222170992638015,0.8883714285714286,0.22,0,1,0,3,0,0,1,0,1,0
demo-row-0489,large_amount_or_unusual_frequency,1,0.7289,0.4642,5.677952608425481,4.014505263157894,0.25,0,0,0,3,0,0,0,0,1,0
demo-row-0490,normal_operating_request,0,0.2173,0.4789,4.385338107809055,0.3491111111111111,0.16,0,0,0,1,0,0,0,0,1,0
demo-row-0491,new_or_watchlisted_beneficiary,1,0.4798,0.496,5.568192333814518,1.6427928571428572,0.22,1,0,1,0,0,1,0,0,1,0
demo-row-0492,missing_evidence,1,0.4258,0.4524,5.245295466268286,1.7063230769230768,0.32,1,0,0,1,0,1,0,0,1,0
demo-row-0493,new_or_watchlisted_beneficiary,1,0.7372,0.5337,5.947577319231685,8,0.32,1,0,0,4,0,0,1,0,1,0
demo-row-0494,urgent_after_hours_request,1,0.2173,0.539,5.331161982035907,1.2565052631578948,0.25,0,0,0,2,1,0,0,0,1,0
demo-row-0495,urgent_after_hours_request,1,0.7372,0.5579,6.764763415544712,5.844542352941176,0.36,1,0,0,7,0,0,0,0,1,1
demo-row-0496,normal_operating_request,0,0.4798,0.4127,5.710122444549737,2.6643214285714287,0.22,1,0,0,2,0,0,0,0,1,0
demo-row-0497,normal_operating_request,0,0.4904,0.4683,6.367651625201188,1.7430423529411765,0.36,1,0,0,2,0,0,0,0,1,1
demo-row-0498,normal_operating_request,0,0.4798,0.4083,5.642719679841132,2.13755,0.22,1,0,0,1,0,0,0,0,1,0
demo-row-0499,new_or_watchlisted_beneficiary,1,0.5121,0.5833,6.356982546383661,1.6764764705882353,0.36,1,0,0,7,0,1,0,1,1,0
demo-row-0500,normal_operating_request,0,0.2732,0.4628,6.288834971395734,1.2877882352941177,0.36,1,0,0,1,0,0,0,0,1,1
demo-row-0501,normal_operating_request,0,0.2324,0.4925,4.860487737474702,0.23658947368421052,0.25,0,0,1,4,0,0,0,0,1,0
demo-row-0502,normal_operating_request,0,0.2173,0.4929,5.209777656462814,0.7062842105263157,0.25,0,0,0,0,0,1,0,0,1,0
demo-row-0503,normal_operating_request,0,0.2732,0.4621,6.158898996808378,0.6962105882352941,0.36,1,0,0,0,0,0,0,0,1,1
demo-row-0504,new_or_watchlisted_beneficiary,1,0.4472,0.4102,5.408692684839629,2.9425538461538463,0.32,1,0,0,4,0,0,0,0,1,0
demo-row-0505,large_amount_or_unusual_frequency,1,0.8606,0.569,6.04840645256083,6.985057142857143,0.22,0,1,0,8,0,0,0,0,1,0
demo-row-0506,new_or_watchlisted_beneficiary,1,0.4849,0.5587,6.184242143681801,0.7981376470588235,0.36,0,1,0,4,0,0,0,1,1,0
demo-row-0507,new_or_watchlisted_beneficiary,1,0.4904,0.574,6.371113691781844,1.7649964705882353,0.36,1,0,1,1,0,0,1,0,1,1
demo-row-0508,new_or_watchlisted_beneficiary,1,0.4367,0.4442,5.432683940997288,1.8507473684210527,0.25,1,0,1,4,0,0,0,0,1,0
demo-row-0509,new_or_watchlisted_beneficiary,1,0.7289,0.4261,5.791051717253125,3.4149214285714287,0.22,1,0,0,4,0,0,0,0,1,0
demo-row-0510,normal_operating_request,0,0.4798,0.4154,5.56437012251532,1.6196357142857143,0.22,1,0,0,0,0,0,0,0,1,0
demo-row-0511,normal_operating_request,0,0.2732,0.5724,5.993209985719906,0.15821882352941177,0.36,1,0,1,1,0,0,0,1,1,0
demo-row-0512,normal_operating_request,0,0.2173,0.454,4.3925210899319325,0.7401157894736842,0.25,1,0,0,0,0,0,0,0,1,0
demo-row-0513,normal_operating_request,0,0.3892,0.5311,5.365317603206733,0.6564857142857143,0.22,0,1,0,0,0,0,0,0,1,0
demo-row-0514,missing_evidence,1,0.4367,0.4424,5.426620227956557,1.8112210526315788,0.25,1,0,1,3,0,0,0,0,1,0
demo-row-0515,normal_operating_request,0,0.2246,0.4837,5.153336114713584,0.8325388235294118,0.36,1,0,0,1,0,0,0,0,1,1
demo-row-0516,normal_operating_request,0,0.4798,0.4394,5.442231978069897,1.9141157894736842,0.25,0,0,0,2,0,0,0,0,1,0
demo-row-0517,normal_operating_request,0,0.4798,0.4133,5.725549024663354,2.7968214285714286,0.22,1,0,0,1,0,0,0,0,1,0
demo-row-0518,normal_operating_request,0,0.4258,0.4065,5.271811413892011,1.8767076923076924,0.32,1,0,0,2,0,0,0,0,1,0
demo-row-0519,new_or_watchlisted_beneficiary,1,0.4849,0.6096,5.6993520154198585,0.41124823529411764,0.36,0,1,1,4,0,0,0,1,1,0
demo-row-0520,normal_operating_request,0,0.2324,0.4958,4.432600544960684,0.5042222222222222,0.16,1,0,1,3,0,0,0,0,1,0
demo-row-0521,normal_operating_request,0,0.4154,0.4611,5.43046529348991,1.836221052631579,0.25,0,0,0,0,0,0,0,0,1,0
demo-row-0522,large_amount_or_unusual_frequency,1,0.4154,0.5358,5.424568047726243,1.7979684210526317,0.25,0,0,0,2,1,0,0,0,1,0
demo-row-0523,normal_operating_request,0,0.2246,0.4855,4.0044073641763305,0.8446,0.32,1,0,0,0,0,0,0,0,1,0
demo-row-0524,urgent_after_hours_request,1,0.7289,0.5681,5.826195351302517,6.054578947368421,0.25,1,0,0,7,1,0,0,0,1,0
demo-row-0525,normal_operating_request,0,0.4798,0.4083,5.6221901827580645,1.9926857142857144,0.22,1,0,0,1,0,0,0,0,1,0
demo-row-0526,normal_operating_request,0,0.2401,0.4138,5.177640371901473,1.315923076923077,0.32,1,0,0,3,0,0,0,0,1,0
demo-row-0527,normal_operating_request,0,0.2246,0.4492,4.519447327297003,0.49123076923076925,0.32,1,0,0,1,0,0,0,0,1,0
demo-row-0528,urgent_after_hours_request,1,0.4258,0.46,5.3292208708349555,2.2832615384615385,0.32,1,0,0,0,0,1,0,0,1,0
demo-row-0529,new_or_watchlisted_beneficiary,1,0.2908,0.4704,6.323679582095042,1.4789082352941176,0.36,1,0,0,4,0,0,0,0,1,1
demo-row-0530,new_or_watchlisted_beneficiary,1,0.2173,0.4367,4.5461600197057335,0.7488,0.22,1,0,0,1,0,0,0,0,1,0
demo-row-0531,missing_evidence,1,0.5015,0.451,5.534380254487303,2.6029263157894738,0.25,0,0,0,4,0,0,0,0,1,0
demo-row-0532,normal_operating_request,0,0.4154,0.4346,4.767482392142532,2.252388888888889,0.16,1,0,0,2,0,0,0,0,1,0
demo-row-0533,normal_operating_request,0,0.2173,0.5469,4.069520100835226,0.34805555555555556,0.16,1,0,0,2,0,0,1,0,1,0
demo-row-0534,missing_evidence,1,0.7372,0.4238,5.556904064353411,4.5461230769230765,0.32,1,0,0,4,0,0,0,0,1,0
demo-row-0535,normal_operating_request,0,0.3994,0.5219,4.9136814253414025,0.26113846153846154,0.32,0,1,0,1,0,0,0,0,1,0
demo-row-0536,large_amount_or_unusual_frequency,1,0.4204,0.5108,5.138305856660119,1.1153846153846154,0.32,0,1,0,4,0,0,0,0,1,0
demo-row-0537,normal_operating_request,0,0.2246,0.438,4.744856027041518,0.14506153846153846,0.32,1,0,0,1,0,0,0,0,1,0
demo-row-0538,new_or_watchlisted_beneficiary,1,0.6745,0.4959,5.167683523967326,7.1735,0.16,0,0,0,4,0,0,0,0,1,0
demo-row-0539,normal_operating_request,0,0.2324,0.4453,4.574760270266501,1.0867777777777778,0.16,1,0,0,3,0,0,0,0,1,0
demo-row-0540,normal_operating_request,0,0.2908,0.4606,6.107873796893379,0.508184705882353,0.36,1,0,0,4,0,0,0,0,1,1
demo-row-0541,large_amount_or_unusual_frequency,1,0.8656,0.5708,5.961490385799996,8,0.32,0,1,0,9,0,0,0,0,1,0
demo-row-0542,large_amount_or_unusual_frequency,1,0.5015,0.4146,5.68313532980127,2.44355,0.22,1,0,0,4,0,0,0,0,1,0
demo-row-0543,normal_operating_request,0,0.2173,0.4347,5.344354934545368,1.3261052631578947,0.25,1,0,0,2,0,1,0,0,1,0
demo-row-0544,new_or_watchlisted_beneficiary,1,0.6551,0.5737,5.034536214391645,5.015333333333333,0.16,0,0,0,1,1,0,0,0,1,0
demo-row-0545,normal_operating_request,0,0.2732,0.4627,6.256549382152194,1.1238811764705883,0.36,1,0,0,2,0,0,0,0,1,1
demo-row-0546,normal_operating_request,0,0.2246,0.4176,5.168317717942133,1.2667384615384616,0.32,1,0,0,1,0,0,0,0,1,0
demo-row-0547,new_or_watchlisted_beneficiary,1,0.7289,0.4217,5.774125559417713,3.246164285714286,0.22,1,0,0,4,0,0,0,0,1,0
demo-row-0548,large_amount_or_unusual_frequency,1,0.7372,0.5387,5.678017331283984,6.329984615384616,0.32,1,0,0,9,0,1,0,0,1,0
demo-row-0549,new_or_watchlisted_beneficiary,1,0.7114,0.5265,5.788601742006522,3.390085714285714,0.22,1,0,0,0,1,0,0,0,1,0
demo-row-0550,normal_operating_request,0,0.4154,0.4618,4.683569319086185,1.6809444444444444,0.16,0,0,0,1,0,0,0,0,1,0
demo-row-0551,normal_operating_request,0,0.2246,0.4185,5.117012631087,1.0141692307692307,0.32,1,0,0,1,0,0,0,0,1,0
demo-row-0552,urgent_after_hours_request,1,0.4472,0.4063,5.322663702105179,2.2340615384615385,0.32,1,0,0,4,0,0,0,0,1,0
demo-row-0553,urgent_after_hours_request,1,0.7201,0.6099,5.946079220779681,8,0.32,1,0,1,2,1,1,0,0,1,0
demo-row-0554,normal_operating_request,0,0.2732,0.5193,6.264339599848848,1.1623223529411764,0.36,1,0,1,2,0,0,0,0,1,1
demo-row-0555,large_amount_or_unusual_frequency,1,0.7289,0.5419,5.638566125266738,3.5797473684210526,0.25,0,0,1,6,0,1,0,0,1,0
demo-row-0556,large_amount_or_unusual_frequency,1,0.5015,0.5205,5.736088801243016,2.8900928571428572,0.22,1,0,0,4,1,0,0,0,1,0
demo-row-0557,normal_operating_request,0,0.2324,0.4644,4.259139758421019,0.8088421052631579,0.25,1,0,0,4,0,0,0,0,1,0
demo-row-0558,normal_operating_request,0,0.2173,0.4822,4.129303107716051,0.25183333333333335,0.16,1,0,0,1,0,0,0,0,1,0
demo-row-0559,normal_operating_request,0,0.2173,0.4559,5.153912379174297,0.5003263157894737,0.25,0,0,0,0,0,0,0,0,1,0
demo-row-0560,urgent_after_hours_request,1,0.7372,0.4353,5.622715400577763,5.4535846153846155,0.32,1,0,0,4,0,0,0,0,1,0
demo-row-0561,large_amount_or_unusual_frequency,1,0.7289,0.554,5.789767503219075,5.48698947368421,0.25,0,0,1,8,0,0,0,0,1,0
demo-row-0562,urgent_after_hours_request,1,0.4904,0.5207,6.409930588531202,2.023510588235294,0.36,1,0,0,1,0,1,0,0,1,1
demo-row-0563,urgent_after_hours_request,1,0.7201,0.4162,5.4712946454712,3.5538615384615384,0.32,1,0,0,2,0,0,0,0,1,0
demo-row-0564,normal_operating_request,0,0.2732,0.5285,5.442045257290431,0.674444705882353,0.36,1,0,0,0,0,0,0,1,1,0
demo-row-0565,normal_operating_request,0,0.4367,0.4421,5.402921352351409,1.6619263157894737,0.25,1,0,1,3,0,0,0,0,1,0
demo-row-0566,urgent_after_hours_request,1,0.7289,0.5608,5.788011317706372,5.46081052631579,0.25,0,0,0,9,0,1,0,0,1,0
demo-row-0567,normal_operating_request,0,0.2821,0.4151,5.520187351669373,1.3662357142857142,0.22,1,0,0,4,0,0,0,0,1,0
demo-row-0568,normal_operating_request,0,0.2324,0.41,5.249274199382225,0.8687368421052631,0.25,1,0,0,3,0,0,0,0,1,0
demo-row-0569,urgent_after_hours_request,1,0.7289,0.6283,5.67434574157839,3.9730315789473685,0.25,0,0,0,9,1,1,0,0,1,0
demo-row-0570,normal_operating_request,0,0.2324,0.4048,5.282850867137824,1.0189473684210526,0.25,1,0,0,3,0,0,0,0,1,0
demo-row-0571,normal_operating_request,0,0.2324,0.4219,4.948148787450214,0.0658421052631579,0.25,1,0,0,4,0,0,0,0,1,0
demo-row-0572,new_or_watchlisted_beneficiary,1,0.4849,0.5849,6.342925973275752,1.591235294117647,0.36,0,1,0,4,0,1,0,0,1,1
demo-row-0573,normal_operating_request,0,0.2173,0.4058,5.385177128818429,1.555357894736842,0.25,1,0,0,2,0,0,0,0,1,0
demo-row-0574,new_or_watchlisted_beneficiary,1,0.7372,0.5742,6.672952853107615,4.5403070588235295,0.36,1,0,1,5,0,0,0,0,1,1
demo-row-0575,normal_operating_request,0,0.4154,0.4791,4.684612000270466,1.6873888888888888,0.16,1,0,1,2,0,0,0,0,1,0
demo-row-0576,large_amount_or_unusual_frequency,1,0.7201,0.4294,5.49766897875148,3.838984615384615,0.32,1,0,0,0,0,0,0,0,1,0
demo-row-0577,normal_operating_request,0,0.2173,0.4507,5.307568770799716,0.4502357142857143,0.22,1,0,0,0,0,1,0,0,1,0
demo-row-0578,normal_operating_request,0,0.2648,0.4059,5.522953871727457,1.381357142857143,0.22,1,0,0,1,0,0,0,0,1,0
demo-row-0579,normal_operating_request,0,0.2908,0.46,6.069806057825907,0.3816141176470588,0.36,1,0,0,3,0,0,0,0,1,1
demo-row-0580,urgent_after_hours_request,1,0.4904,0.4868,6.43446830211713,2.1992576470588237,0.36,1,0,0,2,0,0,0,0,1,1
demo-row-0581,normal_operating_request,0,0.7289,0.4247,5.809363059282455,3.60505,0.22,1,0,0,3,0,0,0,0,1,0
demo-row-0582,normal_operating_request,0,0.4367,0.4827,4.682325618667807,1.6732777777777779,0.16,1,0,1,3,0,0,0,0,1,0
demo-row-0583,normal_operating_request,0,0.2173,0.4587,5.21518003130574,0.7276421052631579,0.25,1,0,1,0,0,0,0,0,1,0
demo-row-0584,normal_operating_request,0,0.2173,0.4845,4.1726613002015345,0.8433578947368421,0.25,1,0,0,0,0,0,0,0,1,0
demo-row-0585,normal_operating_request,0,0.2732,0.5169,5.941147546179261,0.02737294117647059,0.36,1,0,1,1,0,0,0,0,1,1
demo-row-0586,new_or_watchlisted_beneficiary,1,0.4472,0.4088,5.373428800231972,2.635076923076923,0.32,1,0,0,4,0,0,0,0,1,0
demo-row-0587,normal_operating_request,0,0.2401,0.4558,4.3151933756957135,0.6821230769230769,0.32,1,0,0,4,0,0,0,0,1,0
demo-row-0588,large_amount_or_unusual_frequency,1,0.8552,0.5214,5.500940054628815,3.875569230769231,0.32,0,1,0,1,0,0,0,0,1,0
demo-row-0589,normal_operating_request,0,0.2732,0.4615,5.666553546319045,0.45407411764705885,0.36,1,0,0,2,0,0,0,0,1,1
demo-row-0590,normal_operating_request,0,0.6745,0.4589,5.097524539012627,5.9542222222222225,0.16,1,0,0,3,0,0,0,0,1,0
demo-row-0591,normal_operating_request,0,0.2173,0.5199,4.7782236267660965,0.36832631578947367,0.25,1,0,0,2,1,0,0,0,1,0
demo-row-0592,large_amount_or_unusual_frequency,1,0.4367,0.4637,4.796018969347149,2.4732777777777777,0.16,0,0,0,4,0,0,0,0,1,0
demo-row-0593,normal_operating_request,0,0.2173,0.4052,5.3632113418005325,0.6484714285714286,0.22,1,0,0,2,0,0,0,0,1,0
demo-row-0594,normal_operating_request,0,0.4154,0.4888,4.841716021249686,2.8586666666666667,0.16,1,0,1,1,0,0,0,0,1,0
demo-row-0595,normal_operating_request,0,0.2324,0.4144,5.329249359836684,0.5244714285714286,0.22,1,0,0,4,0,0,0,0,1,0
demo-row-0596,normal_operating_request,0,0.2324,0.4461,4.609711770253337,1.2616666666666667,0.16,1,0,0,4,0,0,0,0,1,0
demo-row-0597,normal_operating_request,0,0.4258,0.4065,5.264907505000912,1.8313384615384616,0.32,1,0,0,2,0,0,0,0,1,0
demo-row-0598,normal_operating_request,0,0.2324,0.4598,4.565647147150918,0.6128210526315789,0.25,1,0,0,3,0,1,0,0,1,0
demo-row-0599,normal_operating_request,0,0.2173,0.4129,5.367536684109037,0.6649714285714285,0.22,1,0,0,0,0,0,0,0,1,0
demo-row-0600,urgent_after_hours_request,1,0.4904,0.6385,6.410044302005563,2.0243023529411763,0.36,1,0,1,0,1,1,0,1,1,0
demo-row-0601,normal_operating_request,0,0.4367,0.457,4.6798365589180975,1.658,0.16,0,0,0,3,0,0,0,0,1,0
demo-row-0602,missing_evidence,1,0.5015,0.5178,5.573468057039764,2.942242105263158,0.25,1,0,0,4,0,1,1,0,1,0
demo-row-0603,missing_evidence,1,0.7201,0.4582,5.493623929564048,3.7941230769230767,0.32,1,0,1,1,0,0,0,0,1,0
demo-row-0604,missing_evidence,1,0.2908,0.6056,6.263034977386058,1.1558364705882354,0.36,1,0,0,3,1,1,0,1,1,0
demo-row-0605,normal_operating_request,0,0.2173,0.4613,4.662814475093854,1.5558333333333334,0.16,0,0,0,1,0,0,0,0,1,0
demo-row-0606,normal_operating_request,0,0.2173,0.4736,4.762453482363547,0.3908526315789474,0.25,0,0,0,0,0,0,0,0,1,0
demo-row-0607,urgent_after_hours_request,1,0.8656,0.6242,6.760877726156672,5.783576470588235,0.36,0,1,0,7,0,1,0,1,1,0
demo-row-0608,normal_operating_request,0,0.4798,0.4127,5.704265512405436,2.6152357142857143,0.22,1,0,0,2,0,0,0,0,1,0
demo-row-0609,new_or_watchlisted_beneficiary,1,0.7067,0.5598,6.4039221099788435,1.9819682352941177,0.36,0,1,0,3,0,0,0,0,1,1
demo-row-0610,normal_operating_request,0,0.2401,0.4587,4.838937199519951,0.06173846153846154,0.32,1,0,0,3,0,1,0,0,1,0
demo-row-0611,new_or_watchlisted_beneficiary,1,0.7372,0.4353,5.620250601959854,5.417061538461539,0.32,1,0,0,4,0,0,0,0,1,0
demo-row-0612,normal_operating_request,0,0.2173,0.4798,4.581107318275927,1.1175,0.16,0,0,0,0,0,0,0,0,1,0
demo-row-0613,normal_operating_request,0,0.2908,0.5164,6.228327456820488,0.9902529411764706,0.36,1,0,0,3,0,0,0,1,1,0
demo-row-0614,normal_operating_request,0,0.2324,0.4782,4.506437380020297,0.783,0.16,0,0,0,4,0,0,0,0,1,0
demo-row-0615,normal_operating_request,0,0.4472,0.4062,5.267091904784485,1.8456153846153847,0.32,1,0,0,3,0,0,0,0,1,0
demo-row-0616,normal_operating_request,0,0.4154,0.4575,4.823226362800612,2.6978333333333335,0.16,0,0,0,2,0,0,0,0,1,0
demo-row-0617,large_amount_or_unusual_frequency,1,0.65,0.5083,5.34699025440502,2.4203846153846156,0.32,0,1,0,4,0,0,0,0,1,0
demo-row-0618,large_amount_or_unusual_frequency,1,0.4367,0.4609,4.773040045748554,2.294277777777778,0.16,0,0,0,4,0,0,0,0,1,0
demo-row-0619,new_or_watchlisted_beneficiary,1,0.7289,0.5588,6.105905468272895,8,0.22,1,0,0,8,0,1,0,0,1,0
demo-row-0620,normal_operating_request,0,0.2173,0.4377,4.760874638052189,0.39306315789473684,0.25,1,0,0,0,0,0,0,0,1,0
demo-row-0621,normal_operating_request,0,0.2908,0.4681,6.325005950895762,1.4864905882352941,0.36,1,0,0,3,0,0,0,0,1,1
demo-row-0622,new_or_watchlisted_beneficiary,1,0.7289,0.4217,5.778201915117814,3.2862071428571427,0.22,1,0,0,4,0,0,0,0,1,0
demo-row-0623,normal_operating_request,0,0.2324,0.4438,4.645530338239288,1.4561111111111111,0.16,1,0,0,4,0,0,0,0,1,0
demo-row-0624,normal_operating_request,0,0.2401,0.5003,4.501812117075093,0.511476923076923,0.32,1,0,1,3,0,0,0,0,1,0
demo-row-0625,missing_evidence,1,0.4367,0.499,4.808109648240035,2.5713333333333335,0.16,0,0,1,3,0,0,0,0,1,0
demo-row-0626,urgent_after_hours_request,1,0.8498,0.5452,5.843777640858486,3.9848142857142856,0.22,0,1,0,1,0,1,0,0,1,0
demo-row-0627,normal_operating_request,0,0.2173,0.4524,4.691806185470264,0.48230526315789474,0.25,0,0,0,2,0,0,0,0,1,0
demo-row-0628,normal_operating_request,0,0.2173,0.4385,4.621145111196037,1.322,0.16,1,0,0,2,0,0,0,0,1,0
demo-row-0629,urgent_after_hours_request,1,0.2173,0.5883,4.6163284485376055,0.5648947368421052,0.25,0,0,1,0,1,0,0,0,1,0
demo-row-0630,urgent_after_hours_request,1,0.4904,0.4916,6.437008617263611,2.2180258823529413,0.36,1,0,0,1,0,0,0,0,1,1
demo-row-0631,normal_operating_request,0,0.2324,0.4615,4.555626405584969,0.9968333333333333,0.16,0,0,0,3,0,0,0,0,1,0
demo-row-0632,normal_operating_request,0,0.2173,0.4281,4.5925542406720465,0.5880736842105263,0.25,1,0,0,2,0,0,0,0,1,0
demo-row-0633,missing_evidence,1,0.6884,0.6051,6.44687518252608,2.2919717647058824,0.36,0,1,0,0,0,1,0,0,1,1
demo-row-0634,urgent_after_hours_request,1,0.7114,0.5171,5.8231089030208585,6.004621052631579,0.25,1,0,1,2,0,1,0,0,1,0
demo-row-0635,new_or_watchlisted_beneficiary,1,0.7372,0.4574,5.56207268679262,4.612523076923077,0.32,1,0,0,3,0,1,0,0,1,0
demo-row-0636,large_amount_or_unusual_frequency,1,0.7372,0.4522,5.853267962032333,8,0.32,1,0,0,3,0,0,0,0,1,0
demo-row-0637,normal_operating_request,0,0.2324,0.4263,5.081696475568455,0.13788571428571428,0.22,1,0,0,4,0,0,0,0,1,0
demo-row-0638,large_amount_or_unusual_frequency,1,0.6745,0.5505,4.9952006828235325,4.4944444444444445,0.16,1,0,0,3,1,0,0,0,1,0
demo-row-0639,normal_operating_request,0,0.2173,0.4837,5.227927819304787,0.7791052631578947,0.25,0,0,1,2,0,0,0,0,1,0
demo-row-0640,large_amount_or_unusual_frequency,1,0.6745,0.4992,4.924594552120747,3.67,0.16,1,0,1,5,0,0,0,0,1,0
demo-row-0641,normal_operating_request,0,0.2173,0.4047,5.346088796122252,0.5847428571428571,0.22,1,0,0,1,0,0,0,0,1,0
demo-row-0642,normal_operating_request,0,0.2401,0.5248,4.939019776448666,0.3369076923076923,0.32,1,0,0,3,1,0,0,0,1,0
demo-row-0643,normal_operating_request,0,0.2173,0.4101,5.137502860242821,0.44469473684210525,0.25,1,0,0,2,0,0,0,0,1,0
demo-row-0644,normal_operating_request,0,0.2173,0.528,3.600210306409328,0.7787777777777778,0.16,0,0,0,1,0,0,0,0,1,0
demo-row-0645,missing_evidence,1,0.2324,0.4898,5.306712317497704,1.132978947368421,0.25,0,0,1,4,0,0,0,0,1,0
demo-row-0646,urgent_after_hours_request,1,0.5121,0.5293,6.3958844130386385,1.9272870588235294,0.36,1,0,0,3,0,0,0,1,1,0
demo-row-0647,new_or_watchlisted_beneficiary,1,0.4798,0.5005,5.437198626554131,1.880536842105263,0.25,1,0,0,2,1,0,0,0,1,0
demo-row-0648,normal_operating_request,0,0.4154,0.4465,4.813741067627101,2.6179444444444444,0.16,1,0,0,1,0,0,0,0,1,0
demo-row-0649,normal_operating_request,0,0.2324,0.4959,5.353700856666586,0.6127642857142858,0.22,1,0,0,3,1,0,0,0,1,0
demo-row-0650,normal_operating_request,0,0.2324,0.4213,5.033934153591305,0.22767142857142858,0.22,1,0,0,3,0,0,0,0,1,0
demo-row-0651,normal_operating_request,0,0.2173,0.4527,4.346352974450639,0.23327777777777778,0.16,1,0,0,2,0,0,0,0,1,0
demo-row-0652,normal_operating_request,0,0.2324,0.4372,5.335762702532428,1.2805368421052632,0.25,1,0,0,3,0,1,0,0,1,0
demo-row-0653,normal_operating_request,0,0.7289,0.4163,5.781162031927847,3.3155214285714285,0.22,1,0,0,3,0,0,0,0,1,0
demo-row-0654,normal_operating_request,0,0.2908,0.4606,6.126520701006987,0.5743505882352942,0.36,1,0,0,4,0,0,0,0,1,1
demo-row-0655,large_amount_or_unusual_frequency,1,0.2324,0.488,5.251769583783739,0.8795052631578948,0.25,0,0,1,4,0,0,0,0,1,0
demo-row-0656,large_amount_or_unusual_frequency,1,0.8606,0.6671,6.113976758289846,8,0.22,0,1,1,9,0,0,1,0,1,0
demo-row-0657,missing_evidence,1,0.5121,0.518,6.416599405494147,2.0702964705882354,0.36,1,0,0,3,0,1,0,0,1,1
demo-row-0658,new_or_watchlisted_beneficiary,1,0.7372,0.419,5.501370144131015,3.8804,0.32,1,0,0,4,0,0,0,0,1,0
demo-row-0659,normal_operating_request,0,0.2246,0.4484,5.05477770290791,0.7452615384615384,0.32,1,0,0,2,0,1,0,0,1,0
demo-row-0660,missing_evidence,1,0.4798,0.4094,5.5271966790930644,2.543821052631579,0.25,1,0,0,1,0,0,0,0,1,0
demo-row-0661,normal_operating_request,0,0.4798,0.4183,5.515183455544488,2.4471368421052633,0.25,1,0,0,0,0,0,0,0,1,0
demo-row-0662,normal_operating_request,0,0.2246,0.4847,4.123296172645314,0.7956615384615384,0.32,1,0,0,0,0,0,0,0,1,0
demo-row-0663,normal_operating_request,0,0.2324,0.4101,5.170044513849093,0.5571052631578948,0.25,1,0,0,3,0,0,0,0,1,0
demo-row-0664,missing_evidence,1,0.7201,0.4287,5.58080869229538,4.8599538461538465,0.32,1,0,0,1,0,0,0,0,1,0
demo-row-0665,missing_evidence,1,0.2908,0.4704,6.321141943268221,1.4644658823529413,0.36,1,0,0,4,0,0,0,0,1,1
demo-row-0666,normal_operating_request,0,0.2173,0.4568,4.574598375421016,1.086,0.16,1,0,0,0,0,0,0,0,1,0
demo-row-0667,urgent_after_hours_request,1,0.7114,0.5897,5.740378481733728,4.789673684210526,0.25,0,0,1,2,1,0,0,0,1,0
demo-row-0668,normal_operating_request,0,0.2324,0.427,5.092025498114743,0.11713571428571429,0.22,1,0,0,4,0,0,0,0,1,0
demo-row-0669,urgent_after_hours_request,1,0.4367,0.4424,4.782837965811027,2.3694444444444445,0.16,1,0,0,4,0,0,0,0,1,0
demo-row-0670,urgent_after_hours_request,1,0.8552,0.5233,5.581138081041482,4.8644,0.32,0,1,0,1,0,0,0,0,1,0
demo-row-0671,new_or_watchlisted_beneficiary,1,0.8552,0.6636,6.577132726580299,3.4433823529411764,0.36,0,1,1,2,1,0,0,1,1,0
demo-row-0672,normal_operating_request,0,0.2173,0.4608,5.2593955583528,0.9128,0.25,0,0,0,0,0,0,0,0,1,0
demo-row-0673,normal_operating_request,0,0.4367,0.457,4.687823147341528,1.7073333333333334,0.16,0,0,0,3,0,0,0,0,1,0
demo-row-0674,large_amount_or_unusual_frequency,1,0.7372,0.5288,5.92956349616464,8,0.32,1,0,0,9,0,0,0,0,1,0
demo-row-0675,missing_evidence,1,0.7372,0.4209,5.544774748631958,4.393369230769231,0.32,1,0,0,3,0,0,0,0,1,0
demo-row-0676,missing_evidence,1,0.4798,0.5271,5.526208710911839,2.5357684210526314,0.25,0,0,1,0,0,1,0,0,1,0
demo-row-0677,normal_operating_request,0,0.4258,0.4167,5.281939664393717,1.9445846153846154,0.32,1,0,0,0,0,0,0,0,1,0
demo-row-0678,urgent_after_hours_request,1,0.7067,0.5545,6.355963865362703,1.670205882352941,0.36,0,1,0,4,0,0,0,0,1,1
demo-row-0679,normal_operating_request,0,0.2732,0.4565,6.1566508987885555,0.6874529411764706,0.36,1,0,0,2,0,0,0,0,1,1
demo-row-0680,urgent_after_hours_request,1,0.7289,0.4217,5.77938362037214,3.297885714285714,0.22,1,0,0,4,0,0,0,0,1,0
demo-row-0681,normal_operating_request,0,0.4154,0.4408,4.743400001350764,2.0769444444444445,0.16,1,0,0,1,0,0,0,0,1,0
demo-row-0682,missing_evidence,1,0.7372,0.4179,5.516721743405199,4.056,0.32,1,0,0,4,0,0,0,0,1,0
demo-row-0683,normal_operating_request,0,0.2173,0.4526,4.65647193706815,1.5187777777777778,0.16,1,0,0,0,0,0,0,0,1,0
demo-row-0684,missing_evidence,1,0.6745,0.4967,5.183577300753773,7.478166666666667,0.16,0,0,0,4,0,0,0,0,1,0
demo-row-0685,large_amount_or_unusual_frequency,1,0.8656,0.5062,5.555303682138541,4.525723076923077,0.32,0,1,0,4,0,0,0,0,1,0
demo-row-0686,normal_operating_request,0,0.4154,0.4629,4.807562086072158,2.5668333333333333,0.16,0,0,0,1,0,0,0,0,1,0
demo-row-0687,normal_operating_request,0,0.2732,0.4609,6.130640561541437,0.5893564705882353,0.36,1,0,0,0,0,0,0,0,1,1
demo-row-0688,normal_operating_request,0,0.2173,0.515,4.731250221985054,0.4330842105263158,0.25,0,0,0,0,0,0,1,0,1,0
demo-row-0689,normal_operating_request,0,0.4798,0.4137,5.7248359939484725,2.7905928571428573,0.22,1,0,0,2,0,0,0,0,1,0
demo-row-0690,normal_operating_request,0,0.2173,0.4501,5.321559079158719,1.2071578947368422,0.25,0,0,0,1,0,0,0,0,1,0
demo-row-0691,normal_operating_request,0,0.2324,0.4265,4.803655097872487,0.33023157894736843,0.25,1,0,0,3,0,0,0,0,1,0
demo-row-0692,new_or_watchlisted_beneficiary,1,0.2324,0.5953,3.6774244377012475,0.7357222222222223,0.16,0,0,0,4,1,0,0,0,1,0
demo-row-0693,missing_evidence,1,0.8656,0.5467,5.891700217912879,8,0.32,0,1,0,7,0,0,0,0,1,0
demo-row-0694,normal_operating_request,0,0.2246,0.4386,4.623311328035589,0.3537692307692308,0.32,1,0,0,2,0,0,0,0,1,0
demo-row-0695,large_amount_or_unusual_frequency,1,0.4632,0.5512,5.6427878947988495,0.4831458823529412,0.36,0,1,0,1,0,0,0,0,1,1
demo-row-0696,normal_operating_request,0,0.2173,0.4454,5.21541282464514,0.7285684210526315,0.25,0,0,0,1,0,0,0,0,1,0
demo-row-0697,normal_operating_request,0,0.4154,0.4787,4.7721015692770115,2.287166666666667,0.16,0,0,0,0,0,0,0,0,1,0
demo-row-0698,missing_evidence,1,0.4849,0.5676,6.339619759909575,1.5715835294117646,0.36,0,1,0,7,0,0,0,0,1,1
demo-row-0699,urgent_after_hours_request,1,0.7372,0.5568,6.77681780326882,6.037182352941176,0.36,1,0,0,6,0,0,0,0,1,1
demo-row-0700,missing_evidence,1,0.8656,0.618,6.7282999586409815,5.293336470588235,0.36,0,1,0,9,0,0,0,1,1,0
demo-row-0701,normal_operating_request,0,0.2324,0.4739,4.33685982091681,0.2066111111111111,0.16,0,0,0,3,0,0,0,0,1,0
demo-row-0702,normal_operating_request,0,0.4367,0.4387,4.749140877763002,2.117888888888889,0.16,1,0,0,3,0,0,0,0,1,0
demo-row-0703,normal_operating_request,0,0.2908,0.46,5.917661449462383,0.026710588235294118,0.36,1,0,0,4,0,0,0,0,1,1
demo-row-0704,normal_operating_request,0,0.2324,0.4449,4.933016293769447,0.09783157894736842,0.25,0,0,0,3,0,0,0,0,1,0
demo-row-0705,normal_operating_request,0,0.7114,0.4224,5.79239238997266,3.4285714285714284,0.22,1,0,0,1,0,0,0,0,1,0
demo-row-0706,normal_operating_request,0,0.2173,0.4226,4.898516757969824,0.1667263157894737,0.25,1,0,0,1,0,0,0,0,1,0
demo-row-0707,normal_operating_request,0,0.2246,0.4372,4.9404616966224415,0.3413538461538462,0.32,1,0,0,0,0,0,0,0,1,0
demo-row-0708,large_amount_or_unusual_frequency,1,0.8656,0.6002,6.649638174652586,4.250723529411765,0.36,0,1,0,7,0,0,0,1,1,0
demo-row-0709,large_amount_or_unusual_frequency,1,0.8656,0.5437,5.649701809069263,5.867323076923077,0.32,0,1,0,9,0,0,0,0,1,0
demo-row-0710,urgent_after_hours_request,1,0.6792,0.5026,5.6092058246445005,1.9045357142857142,0.22,0,1,0,2,0,0,0,0,1,0
demo-row-0711,normal_operating_request,0,0.2324,0.5408,4.037585842826617,0.3942777777777778,0.16,1,0,1,4,0,0,0,0,1,0
demo-row-0712,missing_evidence,1,0.8606,0.5456,5.946842168915724,5.31995,0.22,0,1,0,7,0,0,0,0,1,0
demo-row-0713,normal_operating_request,0,0.4154,0.4394,5.43228445694731,1.8481263157894736,0.25,0,0,0,2,0,0,0,0,1,0
demo-row-0714,new_or_watchlisted_beneficiary,1,0.8656,0.5082,5.598481905851834,5.103338461538462,0.32,0,1,0,4,0,0,0,0,1,0
demo-row-0715,new_or_watchlisted_beneficiary,1,0.4472,0.4437,5.352686007742809,2.4655384615384617,0.32,1,0,0,3,0,1,0,0,1,0
demo-row-0716,normal_operating_request,0,0.2173,0.4915,4.608515336537035,1.2554444444444444,0.16,1,0,1,0,0,0,0,0,1,0
demo-row-0717,normal_operating_request,0,0.6551,0.496,5.15834138004479,6.999555555555555,0.16,1,0,0,2,0,1,0,0,1,0
demo-row-0718,urgent_after_hours_request,1,0.7201,0.4251,5.548352559894337,4.437984615384615,0.32,1,0,0,1,0,0,0,0,1,0
demo-row-0719,normal_operating_request,0,0.2173,0.4485,5.25216100546499,0.8812,0.25,0,0,0,1,0,0,0,0,1,0
demo-row-0720,normal_operating_request,0,0.2324,0.471,4.536381658841393,0.9102777777777777,0.16,0,0,0,4,0,0,0,0,1,0
demo-row-0721,large_amount_or_unusual_frequency,1,0.5015,0.4514,5.6930538865926845,2.5231,0.22,1,0,0,3,0,1,0,0,1,0
demo-row-0722,large_amount_or_unusual_frequency,1,0.2173,0.4255,4.74031530932998,0.6071928571428571,0.22,1,0,0,1,0,0,0,0,1,0
demo-row-0723,normal_operating_request,0,0.2246,0.4604,4.902660909299068,0.22953846153846155,0.32,1,0,0,1,0,1,0,0,1,0
demo-row-0724,normal_operating_request,0,0.2173,0.5126,4.470395788815029,0.641,0.16,0,0,0,1,0,1,0,0,1,0
demo-row-0725,normal_operating_request,0,0.2732,0.4609,6.088150978541821,0.44122470588235296,0.36,1,0,0,0,0,0,0,0,1,1
demo-row-0726,normal_operating_request,0,0.2732,0.5107,5.797950653471748,0.26119294117647057,0.36,1,0,0,0,0,1,0,0,1,1
demo-row-0727,normal_operating_request,0,0.2173,0.4067,5.38486036262749,1.5534947368421053,0.25,1,0,0,1,0,0,0,0,1,0
demo-row-0728,missing_evidence,1,0.4204,0.5454,4.088667552542405,0.8113230769230769,0.32,0,1,0,3,0,0,0,0,1,0
demo-row-0729,large_amount_or_unusual_frequency,1,0.2732,0.4633,6.244484691173058,1.0656917647058823,0.36,1,0,0,1,0,0,0,0,1,1
demo-row-0730,normal_operating_request,0,0.2324,0.4062,5.2635413891715785,0.9311473684210526,0.25,1,0,0,3,0,0,0,0,1,0
demo-row-0731,urgent_after_hours_request,1,0.7201,0.5617,5.631571603245785,5.586538461538462,0.32,1,0,1,2,1,0,0,0,1,0
demo-row-0732,normal_operating_request,0,0.2648,0.4464,5.507839686506717,1.299907142857143,0.22,1,0,0,2,0,1,0,0,1,0
demo-row-0733,normal_operating_request,0,0.2173,0.4924,4.063408424975945,0.3571666666666667,0.16,1,0,0,0,0,0,0,0,1,0
demo-row-0734,normal_operating_request,0,0.2324,0.4433,5.1077626646905125,0.3490736842105263,0.25,0,0,0,4,0,0,0,0,1,0
demo-row-0735,new_or_watchlisted_beneficiary,1,0.2324,0.5247,4.609466342831634,1.2603888888888888,0.16,1,0,1,4,0,1,0,0,1,0
demo-row-0736,urgent_after_hours_request,1,0.4798,0.4675,5.520452089468124,2.4892105263157895,0.25,0,0,0,0,0,0,0,0,1,0
demo-row-0737,urgent_after_hours_request,1,0.7372,0.5186,5.713614009659662,6.956092307692308,0.32,1,0,0,9,0,0,0,0,1,0
demo-row-0738,missing_evidence,1,0.7114,0.4634,5.782548583224651,3.3293214285714288,0.22,1,0,0,1,0,1,0,0,1,0
demo-row-0739,new_or_watchlisted_beneficiary,1,0.4367,0.5756,4.800861361023446,2.5122222222222224,0.16,1,0,1,3,1,0,0,0,1,0
demo-row-0740,new_or_watchlisted_beneficiary,1,0.8323,0.5096,5.419349294554186,3.0404923076923076,0.32,0,1,0,3,0,0,0,0,1,0
demo-row-0741,normal_operating_request,0,0.2908,0.4681,6.336814429572703,1.5550258823529413,0.36,1,0,0,3,0,0,0,0,1,1
demo-row-0742,missing_evidence,1,0.7289,0.5937,5.829044405506692,6.10101052631579,0.25,0,0,1,4,1,0,0,0,1,0
demo-row-0743,urgent_after_hours_request,1,0.7289,0.6026,5.604348113732111,3.2327578947368423,0.25,0,0,1,3,1,1,0,0,1,0
demo-row-0744,new_or_watchlisted_beneficiary,1,0.8656,0.6734,6.758600208336873,5.748095294117647,0.36,0,1,1,6,1,0,0,1,1,0
demo-row-0745,urgent_after_hours_request,1,0.8656,0.5616,5.956282754018271,8,0.32,0,1,0,4,0,1,0,0,1,0
demo-row-0746,normal_operating_request,0,0.4101,0.5072,5.32424540489896,0.5070071428571429,0.22,0,1,0,3,0,0,0,0,1,0
demo-row-0747,normal_operating_request,0,0.2324,0.4181,5.094802924438002,0.30941052631578947,0.25,1,0,0,3,0,0,0,0,1,0
demo-row-0748,new_or_watchlisted_beneficiary,1,0.8656,0.5079,5.51766821677908,4.06703076923077,0.32,0,1,0,3,0,0,0,0,1,0
demo-row-0749,normal_operating_request,0,0.2173,0.4132,5.281031093448676,1.0105052631578948,0.25,1,0,0,0,0,0,0,0,1,0
demo-row-0750,normal_operating_request,0,0.2324,0.4418,5.124810600835183,0.40308421052631577,0.25,0,0,0,4,0,0,0,0,1,0
demo-row-0751,urgent_after_hours_request,1,0.8606,0.4986,5.788215051752524,3.3861785714285713,0.22,0,1,0,4,0,0,0,0,1,0
demo-row-0752,normal_operating_request,0,0.2324,0.519,4.161757195261727,0.19377777777777777,0.16,1,0,0,3,0,1,0,0,1,0
demo-row-0753,large_amount_or_unusual_frequency,1,0.7201,0.4272,5.579083590084004,4.836723076923077,0.32,1,0,0,2,0,0,0,0,1,0
demo-row-0754,normal_operating_request,0,0.2246,0.4332,4.742363723353463,0.14995384615384616,0.32,1,0,0,2,0,0,0,0,1,0
demo-row-0755,normal_operating_request,0,0.4154,0.4409,4.801335095674546,2.5160555555555555,0.16,1,0,0,1,0,0,0,0,1,0
demo-row-0756,normal_operating_request,0,0.2324,0.4739,4.342817314635733,0.22327777777777777,0.16,0,0,0,3,0,0,0,0,1,0
demo-row-0757,normal_operating_request,0,0.4154,0.481,4.807115413302023,2.5631666666666666,0.16,0,0,0,0,0,0,0,0,1,0
demo-row-0758,normal_operating_request,0,0.4904,0.4751,6.367506872699176,1.7421282352941176,0.36,1,0,0,0,0,0,0,0,1,1
demo-row-0759,normal_operating_request,0,0.7114,0.4267,5.79598909841792,3.4654,0.22,1,0,0,2,0,0,0,0,1,0
demo-row-0760,large_amount_or_unusual_frequency,1,0.8552,0.6132,6.541030413326675,3.088945882352941,0.36,0,1,0,2,0,1,0,1,1,0
demo-row-0761,missing_evidence,1,0.4798,0.4217,5.7296798037755705,2.833107142857143,0.22,1,0,0,0,0,0,0,0,1,0
demo-row-0762,normal_operating_request,0,0.4154,0.4389,4.764833430163149,2.2326111111111113,0.16,1,0,0,1,0,0,0,0,1,0
demo-row-0763,normal_operating_request,0,0.2324,0.4427,5.372368795292155,0.6836,0.22,1,0,0,3,0,1,0,0,1,0
demo-row-0764,normal_operating_request,0,0.2173,0.4578,4.57348661058725,1.0806666666666667,0.16,1,0,0,0,0,0,0,0,1,0
demo-row-0765,urgent_after_hours_request,1,0.5015,0.4073,5.488566226740688,2.2422105263157897,0.25,1,0,0,4,0,0,0,0,1,0
demo-row-0766,normal_operating_request,0,0.2324,0.4848,4.9666907094526636,0.025094736842105263,0.25,0,0,0,3,0,1,0,0,1,0
demo-row-0767,missing_evidence,1,0.4904,0.5623,6.357004690006835,1.6766129411764705,0.36,1,0,0,0,1,0,0,0,1,1
demo-row-0768,normal_operating_request,0,0.2173,0.4438,4.9683802000713575,0.021294736842105262,0.25,0,0,0,2,0,0,0,0,1,0
demo-row-0769,normal_operating_request,0,0.4204,0.5212,4.762566037627078,0.10947692307692308,0.32,0,1,0,3,0,0,0,0,1,0
demo-row-0770,urgent_after_hours_request,1,0.7372,0.5793,6.703795469044541,4.948075294117647,0.36,1,0,0,8,0,1,0,0,1,1
demo-row-0771,normal_operating_request,0,0.4798,0.4207,5.717330089081114,2.7256428571428573,0.22,1,0,0,0,0,0,0,0,1,0
demo-row-0772,normal_operating_request,0,0.2173,0.407,5.388781253087255,0.7484428571428572,0.22,1,0,0,2,0,0,0,0,1,0
demo-row-0773,urgent_after_hours_request,1,0.7289,0.5553,5.7749670848169234,5.2696421052631575,0.25,1,0,1,9,0,0,0,0,1,0
demo-row-0774,normal_operating_request,0,0.2648,0.4088,5.4938663607069,1.2270857142857143,0.22,1,0,0,2,0,0,0,0,1,0
demo-row-0775,normal_operating_request,0,0.2732,0.4746,6.336916003631319,1.5556235294117646,0.36,1,0,0,0,0,0,0,0,1,1
demo-row-0776,normal_operating_request,0,0.2246,0.4372,4.780763621007031,0.07136923076923077,0.32,1,0,0,1,0,0,0,0,1,0
demo-row-0777,normal_operating_request,0,0.2324,0.4449,4.961283427003573,0.037157894736842105,0.25,0,0,0,3,0,0,0,0,1,0
demo-row-0778,normal_operating_request,0,0.2246,0.4732,5.385212907084455,0.7143776470588236,0.36,1,0,0,1,0,0,0,0,1,1
demo-row-0779,missing_evidence,1,0.8656,0.6277,6.645864297595072,4.205294117647059,0.36,0,1,0,6,0,0,1,0,1,1
demo-row-0780,new_or_watchlisted_beneficiary,1,0.7289,0.4164,5.651138396903582,3.7142631578947367,0.25,1,0,0,4,0,0,0,0,1,0
demo-row-0781,normal_operating_request,0,0.4798,0.4091,5.609475949121225,1.9063428571428571,0.22,1,0,0,2,0,0,0,0,1,0
demo-row-0782,urgent_after_hours_request,1,0.4258,0.4203,5.333382780504405,2.3148769230769233,0.32,1,0,0,0,0,0,0,0,1,0
demo-row-0783,normal_operating_request,0,0.2908,0.5249,5.9553755039626335,0.061588235294117645,0.36,1,0,0,4,0,0,0,1,1,0
demo-row-0784,missing_evidence,1,0.6745,0.4736,4.872709718287906,3.144111111111111,0.16,0,0,0,4,0,0,0,0,1,0
demo-row-0785,missing_evidence,1,0.7201,0.4127,5.436159465384546,3.1999538461538464,0.32,1,0,0,1,0,0,0,0,1,0
demo-row-0786,normal_operating_request,0,0.2324,0.4144,5.358513520612922,0.6307357142857143,0.22,1,0,0,4,0,0,0,0,1,0
demo-row-0787,normal_operating_request,0,0.2732,0.4602,5.9131831379942525,0.03669529411764706,0.36,1,0,0,0,0,0,0,0,1,1
demo-row-0788,new_or_watchlisted_beneficiary,1,0.6792,0.5256,5.654799129839618,2.226042857142857,0.22,0,1,0,0,0,0,0,0,1,0
demo-row-0789,normal_operating_request,0,0.2324,0.4167,5.270571704722231,0.33180714285714286,0.22,1,0,0,4,0,0,0,0,1,0
demo-row-0790,new_or_watchlisted_beneficiary,1,0.7289,0.6256,6.12542628411746,8,0.22,1,0,1,8,1,0,0,0,1,0
demo-row-0791,new_or_watchlisted_beneficiary,1,0.7289,0.4551,5.682558407423552,4.0679684210526315,0.25,1,0,0,4,0,1,0,0,1,0
demo-row-0792,large_amount_or_unusual_frequency,1,0.5015,0.4066,5.485014057740997,2.2158,0.25,1,0,0,4,0,0,0,0,1,0
demo-row-0793,missing_evidence,1,0.7372,0.5021,5.809987065541234,8,0.32,1,0,1,4,0,0,0,0,1,0
demo-row-0794,missing_evidence,1,0.7067,0.6058,6.492503087601217,2.656655294117647,0.36,0,1,1,9,0,0,0,0,1,1
demo-row-0795,new_or_watchlisted_beneficiary,1,0.7201,0.4335,5.535714283401723,4.282015384615384,0.32,1,0,0,0,0,0,0,0,1,0
demo-row-0796,large_amount_or_unusual_frequency,1,0.8606,0.6112,6.152407911825353,8,0.22,0,1,1,8,0,0,0,0,1,0
demo-row-0797,normal_operating_request,0,0.2246,0.4431,4.6036747326809415,0.3823384615384615,0.32,1,0,0,1,0,0,0,0,1,0
demo-row-0798,normal_operating_request,0,0.2173,0.4749,4.624704837141302,0.5564210526315789,0.25,1,0,0,0,0,1,0,0,1,0
demo-row-0799,large_amount_or_unusual_frequency,1,0.7114,0.4361,5.805542314651348,3.5647142857142855,0.22,1,0,0,0,0,0,0,0,1,0
demo-row-0800,normal_operating_request,0,0.4154,0.4053,5.424470004739145,1.7973368421052631,0.25,1,0,0,1,0,0,0,0,1,0
demo-row-0801,normal_operating_request,0,0.2648,0.4059,5.529295578963102,1.4163857142857144,0.22,1,0,0,1,0,0,0,0,1,0
demo-row-0802,missing_evidence,1,0.3994,0.5574,5.102087092340307,0.946123076923077,0.32,0,1,0,0,0,1,0,0,1,0
demo-row-0803,normal_operating_request,0,0.2324,0.4467,5.306113939864634,1.130042105263158,0.25,0,0,0,4,0,0,0,0,1,0
demo-row-0804,normal_operating_request,0,0.2173,0.511,4.381187306634165,0.3362777777777778,0.16,1,0,1,0,0,0,0,0,1,0
demo-row-0805,urgent_after_hours_request,1,0.4258,0.4086,5.365843511533739,2.5721384615384615,0.32,1,0,0,2,0,0,0,0,1,0
demo-row-0806,urgent_after_hours_request,1,0.7372,0.4574,5.556741398893421,4.544046153846154,0.32,1,0,0,3,0,1,0,0,1,0
demo-row-0807,normal_operating_request,0,0.4904,0.4755,6.392999798814806,1.9079082352941177,0.36,1,0,0,0,0,0,0,0,1,1
demo-row-0808,new_or_watchlisted_beneficiary,1,0.5121,0.5288,6.358508955155308,1.6859,0.36,1,0,0,3,0,0,0,1,1,0
demo-row-0809,large_amount_or_unusual_frequency,1,0.7289,0.5304,5.768837815984737,5.1817789473684215,0.25,0,0,1,6,0,0,0,0,1,0
demo-row-0810,missing_evidence,1,0.7201,0.5189,5.49926220081508,3.8567692307692307,0.32,1,0,0,2,1,0,0,0,1,0
demo-row-0811,normal_operating_request,0,0.2908,0.4666,6.312639130765626,1.4166847058823528,0.36,1,0,0,3,0,0,0,0,1,1
demo-row-0812,normal_operating_request,0,0.2173,0.4129,5.359862032282678,0.6358071428571429,0.22,1,0,0,0,0,0,0,0,1,0
demo-row-0813,normal_operating_request,0,0.2648,0.4163,5.505257181537773,1.2862714285714285,0.22,1,0,0,0,0,0,0,0,1,0
demo-row-0814,normal_operating_request,0,0.2173,0.4197,4.945453812959438,0.37002857142857143,0.22,1,0,0,1,0,0,0,0,1,0
demo-row-0815,large_amount_or_unusual_frequency,1,0.7289,0.59,5.7633905527696125,5.104726315789474,0.25,0,0,0,8,0,1,1,0,1,0
demo-row-0816,normal_operating_request,0,0.6551,0.495,5.191342007962257,7.631111111111111,0.16,0,0,0,2,0,0,0,0,1,0
demo-row-0817,large_amount_or_unusual_frequency,1,0.7201,0.4251,5.576115504441187,4.796969230769231,0.32,1,0,0,1,0,0,0,0,1,0
demo-row-0818,new_or_watchlisted_beneficiary,1,0.7201,0.4251,5.554863327909725,4.520123076923077,0.32,1,0,0,1,0,0,0,0,1,0
demo-row-0819,large_amount_or_unusual_frequency,1,0.4472,0.5076,5.410297980175922,2.957153846153846,0.32,1,0,0,4,1,0,0,0,1,0
demo-row-0820,large_amount_or_unusual_frequency,1,0.2173,0.517,4.2164034452337935,0.08566666666666667,0.16,0,0,0,0,0,0,0,0,1,0
demo-row-0821,new_or_watchlisted_beneficiary,1,0.2908,0.5208,6.202934098275509,0.8772188235294117,0.36,1,0,0,4,0,0,0,1,1,0
demo-row-0822,missing_evidence,1,0.8606,0.6079,6.095041311615434,7.890228571428572,0.22,0,1,0,9,0,1,0,0,1,0
demo-row-0823,urgent_after_hours_request,1,0.2908,0.5364,5.584022358329064,0.5485576470588235,0.36,1,0,0,3,0,1,0,1,1,0
demo-row-0824,urgent_after_hours_request,1,0.7289,0.5591,5.728943534846855,4.639221052631579,0.25,1,0,0,7,0,0,1,0,1,0
demo-row-0825,large_amount_or_unusual_frequency,1,0.6745,0.4736,4.8700877268440355,3.1191666666666666,0.16,0,0,0,4,0,0,0,0,1,0
demo-row-0826,normal_operating_request,0,0.2324,0.5068,5.291528684035637,0.39765,0.22,1,0,0,4,1,0,0,0,1,0
demo-row-0827,urgent_after_hours_request,1,0.5015,0.4134,5.63254029625106,2.0648642857142856,0.22,1,0,0,4,0,0,0,0,1,0
demo-row-0828,normal_operating_request,0,0.2908,0.4594,6.062930032336815,0.3599117647058824,0.36,1,0,0,3,0,0,0,0,1,1
demo-row-0829,normal_operating_request,0,0.2173,0.4847,4.299855814704268,0.10805555555555556,0.16,0,0,0,1,0,0,0,0,1,0
demo-row-0830,large_amount_or_unusual_frequency,1,0.2908,0.4673,6.2855219789522785,1.2704023529411765,0.36,1,0,0,4,0,0,0,0,1,1
demo-row-0831,new_or_watchlisted_beneficiary,1,0.7372,0.4183,5.481697683684119,3.6642615384615387,0.32,1,0,0,4,0,0,0,0,1,0
demo-row-0832,urgent_after_hours_request,1,0.7067,0.5945,6.445129333041726,2.278764705882353,0.36,0,1,0,3,0,1,0,0,1,1
demo-row-0833,urgent_after_hours_request,1,0.4632,0.5985,6.232084914569322,1.0075470588235294,0.36,0,1,1,0,0,0,0,0,1,1
demo-row-0834,normal_operating_request,0,0.2324,0.4527,4.447111497297647,0.5553333333333333,0.16,1,0,0,3,0,0,0,0,1,0
demo-row-0835,normal_operating_request,0,0.2401,0.4197,5.066560716410177,0.7932615384615385,0.32,1,0,0,4,0,0,0,0,1,0
demo-row-0836,normal_operating_request,0,0.2173,0.5595,4.287644997457547,0.07733333333333334,0.16,0,0,1,2,0,1,0,0,1,0
demo-row-0837,urgent_after_hours_request,1,0.7289,0.5903,5.6361758545238345,3.5546105263157894,0.25,0,0,1,4,1,0,0,0,1,0
demo-row-0838,normal_operating_request,0,0.7114,0.435,5.764280021741385,5.117242105263158,0.25,1,0,0,1,0,0,0,0,1,0
demo-row-0839,normal_operating_request,0,0.2173,0.4347,4.651549363261519,1.490388888888889,0.16,1,0,0,2,0,0,0,0,1,0
demo-row-0840,normal_operating_request,0,0.2324,0.4775,4.516561814155277,0.8250555555555555,0.16,0,0,0,4,0,0,0,0,1,0
demo-row-0841,normal_operating_request,0,0.2324,0.4568,4.378761175316373,0.3288333333333333,0.16,1,0,0,3,0,0,0,0,1,0
demo-row-0842,normal_operating_request,0,0.2173,0.5177,4.362312795326511,0.27944444444444444,0.16,0,0,1,2,0,0,0,0,1,0
demo-row-0843,missing_evidence,1,0.5015,0.4503,5.458198044863771,2.023242105263158,0.25,1,0,0,6,0,0,0,0,1,0
demo-row-0844,new_or_watchlisted_beneficiary,1,0.8552,0.5121,5.446867887772361,3.3048,0.32,0,1,0,2,0,0,0,0,1,0
demo-row-0845,normal_operating_request,0,0.2908,0.522,6.218772280819057,0.9469423529411765,0.36,1,0,1,3,0,0,0,0,1,1
demo-row-0846,normal_operating_request,0,0.2648,0.4168,5.447819825936903,1.0030428571428571,0.22,1,0,0,0,0,0,0,0,1,0
demo-row-0847,large_amount_or_unusual_frequency,1,0.4367,0.5116,4.849296540834726,2.9266111111111113,0.16,1,0,0,9,0,0,0,0,1,0
demo-row-0848,normal_operating_request,0,0.2324,0.4539,5.427370866197733,0.9109142857142857,0.22,1,0,0,4,0,1,0,0,1,0
demo-row-0849,missing_evidence,1,0.7372,0.4209,5.571002675027127,4.729123076923077,0.32,1,0,0,3,0,0,0,0,1,0
demo-row-0850,new_or_watchlisted_beneficiary,1,0.8606,0.6087,5.8501203532164,4.05815,0.22,0,1,0,5,0,1,1,0,1,0
demo-row-0851,missing_evidence,1,0.2401,0.4148,5.1935503322801475,1.4023384615384615,0.32,1,0,0,4,0,0,0,0,1,0
demo-row-0852,normal_operating_request,0,0.2173,0.414,5.298883628715651,1.0948736842105262,0.25,1,0,0,0,0,0,0,0,1,0
demo-row-0853,new_or_watchlisted_beneficiary,1,0.7372,0.4238,5.556392969360866,4.5396,0.32,1,0,0,4,0,0,0,0,1,0
demo-row-0854,new_or_watchlisted_beneficiary,1,0.8552,0.5383,5.464580450628705,3.484,0.32,0,1,0,0,0,0,0,0,1,0
demo-row-0855,large_amount_or_unusual_frequency,1,0.6884,0.6054,6.437267974315707,2.2199482352941176,0.36,0,1,0,0,0,0,0,1,1,0
demo-row-0856,normal_operating_request,0,0.2401,0.4444,4.699941736041831,0.22906153846153846,0.32,1,0,0,4,0,0,0,0,1,0
demo-row-0857,normal_operating_request,0,0.2173,0.4888,4.504498047526627,0.7750555555555556,0.16,0,0,0,0,0,0,0,0,1,0
demo-row-0858,large_amount_or_unusual_frequency,1,0.4154,0.5163,4.829168637970142,2.7487777777777778,0.16,1,0,0,2,0,0,1,0,1,0
demo-row-0859,urgent_after_hours_request,1,0.8656,0.592,6.686688095552453,4.718328235294118,0.36,0,1,0,3,0,0,0,1,1,0
demo-row-0860,normal_operating_request,0,0.3994,0.5392,4.887662302613576,0.1878,0.32,0,1,0,0,0,0,0,0,1,0
demo-row-0861,urgent_after_hours_request,1,0.7372,0.5408,6.582862320585302,3.5023917647058824,0.36,1,0,0,4,0,1,0,0,1,1
demo-row-0862,missing_evidence,1,0.7372,0.4393,5.541329577666693,4.350753846153846,0.32,1,0,0,5,0,0,0,0,1,0
demo-row-0863,large_amount_or_unusual_frequency,1,0.8656,0.5895,6.770574121504972,5.936735294117647,0.36,0,1,0,7,0,0,0,0,1,1
demo-row-0864,normal_operating_request,0,0.2173,0.4608,5.27574197953562,0.9861684210526316,0.25,0,0,0,0,0,0,0,0,1,0
demo-row-0865,normal_operating_request,0,0.2173,0.4411,4.543546578029586,0.9420555555555555,0.16,1,0,0,2,0,0,0,0,1,0
demo-row-0866,normal_operating_request,0,0.2732,0.5246,5.743017965363171,0.3489741176470588,0.36,1,0,1,0,0,0,0,0,1,1
demo-row-0867,new_or_watchlisted_beneficiary,1,0.7201,0.448,5.614946756510005,5.3391692307692304,0.32,1,0,0,0,0,0,0,0,1,0
demo-row-0868,normal_operating_request,0,0.4798,0.4207,5.718756544105307,2.7379,0.22,1,0,0,0,0,0,0,0,1,0
demo-row-0869,urgent_after_hours_request,1,0.4472,0.4088,5.3526300932669235,2.4650923076923075,0.32,1,0,0,4,0,0,0,0,1,0
demo-row-0870,new_or_watchlisted_beneficiary,1,0.7289,0.4217,5.7877083696100176,3.381064285714286,0.22,1,0,0,4,0,0,0,0,1,0
demo-row-0871,normal_operating_request,0,0.6551,0.4675,5.114644338902279,6.233833333333333,0.16,1,0,0,1,0,0,0,0,1,0
demo-row-0872,missing_evidence,1,0.7372,0.4209,5.53865038202935,4.317846153846154,0.32,1,0,0,3,0,0,0,0,1,0
demo-row-0873,normal_operating_request,0,0.4798,0.4065,5.578974827702986,1.7092285714285713,0.22,1,0,0,2,0,0,0,0,1,0
demo-row-0874,normal_operating_request,0,0.2246,0.4325,5.054463668331203,0.744,0.32,1,0,0,0,0,0,0,0,1,0
demo-row-0875,missing_evidence,1,0.5015,0.4881,5.559880303360787,2.8208105263157894,0.25,0,0,0,4,0,1,0,0,1,0
demo-row-0876,urgent_after_hours_request,1,0.4154,0.5137,4.71474876072506,1.8805,0.16,0,0,0,0,0,0,1,0,1,0
demo-row-0877,new_or_watchlisted_beneficiary,1,0.5015,0.4529,5.732629340885362,2.8592285714285715,0.22,1,0,1,3,0,0,0,0,1,0
demo-row-0878,missing_evidence,1,0.8606,0.5981,5.9830039389395875,5.868714285714286,0.22,0,1,0,5,1,0,0,0,1,0
demo-row-0879,normal_operating_request,0,0.2401,0.4459,4.6015928736391505,0.3852923076923077,0.32,1,0,0,4,0,0,0,0,1,0
demo-row-0880,new_or_watchlisted_beneficiary,1,0.7289,0.5475,5.659790740217859,3.8091263157894737,0.25,1,0,1,8,0,1,0,0,1,0
demo-row-0881,urgent_after_hours_request,1,0.4154,0.5136,4.842596759704761,2.8665,0.16,1,0,1,2,0,1,0,0,1,0
demo-row-0882,normal_operating_request,0,0.2246,0.4623,5.135952740886512,1.103953846153846,0.32,1,0,0,0,0,1,0,0,1,0
demo-row-0883,large_amount_or_unusual_frequency,1,0.7372,0.5967,6.6296072294811905,4.014044705882353,0.36,1,0,1,5,0,1,0,0,1,1
demo-row-0884,urgent_after_hours_request,1,0.8656,0.5444,5.475411114775378,3.597230769230769,0.32,0,1,0,4,0,1,0,0,1,0
demo-row-0885,new_or_watchlisted_beneficiary,1,0.8656,0.5557,5.483488874259656,3.6835384615384617,0.32,0,1,1,4,0,0,0,0,1,0
demo-row-0886,normal_operating_request,0,0.2173,0.4485,5.25829957967502,0.9079789473684211,0.25,0,0,0,1,0,0,0,0,1,0
demo-row-0887,normal_operating_request,0,0.2648,0.4045,5.5345984387422895,1.4460714285714287,0.22,1,0,0,1,0,0,0,0,1,0
demo-row-0888,normal_operating_request,0,0.2401,0.4759,4.131650738089541,0.7916923076923077,0.32,1,0,0,3,0,0,0,0,1,0
demo-row-0889,normal_operating_request,0,0.4154,0.4516,4.706179913992751,1.8242222222222222,0.16,0,0,0,2,0,0,0,0,1,0
demo-row-0890,normal_operating_request,0,0.4904,0.4668,6.38565256013198,1.8591270588235294,0.36,1,0,0,2,0,0,0,0,1,1
demo-row-0891,normal_operating_request,0,0.2173,0.4047,5.3541718491990045,0.6145142857142857,0.22,1,0,0,1,0,0,0,0,1,0
demo-row-0892,normal_operating_request,0,0.2173,0.4136,4.934235775158386,0.09529473684210527,0.25,1,0,0,2,0,0,0,0,1,0
demo-row-0893,normal_operating_request,0,0.2401,0.4463,4.664350468027745,0.2897230769230769,0.32,1,0,0,4,0,0,0,0,1,0
demo-row-0894,urgent_after_hours_request,1,0.4798,0.4903,5.438823876525699,1.8913368421052632,0.25,0,0,1,0,0,0,0,0,1,0
demo-row-0895,new_or_watchlisted_beneficiary,1,0.4632,0.5574,6.303177475269005,1.3646035294117647,0.36,0,1,0,2,0,0,0,0,1,1
demo-row-0896,new_or_watchlisted_beneficiary,1,0.7201,0.4251,5.568313217796874,4.693753846153846,0.32,1,0,0,1,0,0,0,0,1,0
demo-row-0897,urgent_after_hours_request,1,0.4904,0.5685,6.404515573452375,1.9860458823529412,0.36,1,0,0,0,1,0,0,0,1,1
demo-row-0898,large_amount_or_unusual_frequency,1,0.8656,0.6103,5.8140863706183215,8,0.32,0,1,1,9,0,0,0,0,1,0
demo-row-0899,normal_operating_request,0,0.2732,0.5575,5.949976639770018,0.04847294117647059,0.36,1,0,0,0,0,1,0,1,1,0
demo-row-0900,new_or_watchlisted_beneficiary,1,0.4367,0.5519,4.784752765674406,2.384333333333333,0.16,0,0,1,7,0,1,0,0,1,0
demo-row-0901,normal_operating_request,0,0.2908,0.461,5.879693841691489,0.10818588235294117,0.36,1,0,0,3,0,0,0,0,1,1
demo-row-0902,urgent_after_hours_request,1,0.4632,0.5594,6.313552559139725,1.4217729411764706,0.36,0,1,0,1,0,0,0,0,1,1
demo-row-0903,urgent_after_hours_request,1,0.5015,0.4415,5.631668975506682,2.0587214285714284,0.22,1,0,1,3,0,0,0,0,1,0
demo-row-0904,normal_operating_request,0,0.4798,0.4125,5.672146828807711,2.3575142857142857,0.22,1,0,0,2,0,0,0,0,1,0
demo-row-0905,large_amount_or_unusual_frequency,1,0.8606,0.4986,5.7763924201507875,3.2683857142857144,0.22,0,1,0,4,0,0,0,0,1,0
demo-row-0906,normal_operating_request,0,0.2732,0.461,5.935865838953074,0.014954117647058824,0.36,1,0,0,2,0,0,0,0,1,1
demo-row-0907,normal_operating_request,0,0.2732,0.4609,5.575597690153699,0.5572305882352941,0.36,1,0,0,1,0,0,0,0,1,1
demo-row-0908,large_amount_or_unusual_frequency,1,0.3994,0.5755,4.430574884046865,0.5853846153846154,0.32,0,1,0,0,0,1,0,0,1,0
demo-row-0909,large_amount_or_unusual_frequency,1,0.5015,0.4439,5.474340122355568,2.1377263157894735,0.25,1,0,1,4,0,0,0,0,1,0
demo-row-0910,normal_operating_request,0,0.4798,0.4123,5.714444606226668,2.7009714285714286,0.22,1,0,0,1,0,0,0,0,1,0
demo-row-0911,large_amount_or_unusual_frequency,1,0.6838,0.4112,5.415644315478444,3.0061692307692307,0.32,1,0,0,4,0,0,0,0,1,0
demo-row-0912,normal_operating_request,0,0.2908,0.4587,6.185357405842862,0.8027611764705882,0.36,1,0,0,3,0,0,0,0,1,1
demo-row-0913,normal_operating_request,0,0.7289,0.4206,5.792433015555242,3.428985714285714,0.22,1,0,0,3,0,0,0,0,1,0
demo-row-0914,missing_evidence,1,0.7289,0.4217,5.774550540138576,3.2503214285714286,0.22,1,0,0,4,0,0,0,0,1,0
demo-row-0915,normal_operating_request,0,0.2732,0.4668,6.203336732414722,0.87896,0.36,1,0,0,0,0,0,0,0,1,1
demo-row-0916,normal_operating_request,0,0.2173,0.4768,4.650560059460245,0.5292105263157895,0.25,0,0,0,0,0,0,0,0,1,0
demo-row-0917,urgent_after_hours_request,1,0.6745,0.5784,4.959518376972998,4.061055555555556,0.16,0,0,0,7,0,1,1,0,1,0
demo-row-0918,new_or_watchlisted_beneficiary,1,0.4798,0.497,5.536241443434352,2.6184,0.25,0,0,1,0,0,0,0,0,1,0
demo-row-0919,normal_operating_request,0,0.2732,0.518,6.274244237552061,1.2122035294117648,0.36,1,0,0,2,0,0,0,1,1,0
demo-row-0920,normal_operating_request,0,0.2401,0.4535,5.003318329089857,0.5502461538461538,0.32,1,0,0,3,0,1,0,0,1,0
demo-row-0921,normal_operating_request,0,0.2908,0.4717,5.523185682989344,0.6075670588235295,0.36,1,0,0,4,0,0,0,0,1,1
demo-row-0922,large_amount_or_unusual_frequency,1,0.2908,0.5239,6.338346112999239,1.5640529411764705,0.36,1,0,0,4,0,0,0,1,1,0
demo-row-0923,normal_operating_request,0,0.2324,0.4527,4.474667812101673,0.6572222222222223,0.16,1,0,0,3,0,0,0,0,1,0
demo-row-0924,normal_operating_request,0,0.2324,0.4213,5.059729985407396,0.18040714285714285,0.22,1,0,0,3,0,0,0,0,1,0
demo-row-0925,normal_operating_request,0,0.2173,0.5009,4.756970637116486,0.3984947368421053,0.25,0,0,0,1,0,1,0,0,1,0
demo-row-0926,normal_operating_request,0,0.2173,0.4625,4.664989647953296,1.5686666666666667,0.16,0,0,0,1,0,0,0,0,1,0
demo-row-0927,normal_operating_request,0,0.5015,0.4427,5.478014981129907,2.1643894736842104,0.25,0,0,0,3,0,0,0,0,1,0
demo-row-0928,urgent_after_hours_request,1,0.7201,0.4294,5.5258931209272735,4.163907692307692,0.32,1,0,0,0,0,0,0,0,1,0
demo-row-0929,missing_evidence,1,0.7201,0.4251,5.557873971690868,4.558523076923077,0.32,1,0,0,1,0,0,0,0,1,0
demo-row-0930,normal_operating_request,0,0.2173,0.4469,4.5362300726332565,0.9096111111111111,0.16,1,0,0,1,0,0,0,0,1,0
demo-row-0931,normal_operating_request,0,0.2173,0.4704,4.876633455524433,0.46235,0.22,1,0,1,2,0,0,0,0,1,0
demo-row-0932,normal_operating_request,0,0.4154,0.4394,5.431296201984608,1.8416526315789474,0.25,0,0,0,2,0,0,0,0,1,0
demo-row-0933,normal_operating_request,0,0.2173,0.5642,4.354319769991452,0.2561111111111111,0.16,0,0,1,1,0,1,0,0,1,0
demo-row-0934,large_amount_or_unusual_frequency,1,0.7289,0.5319,6.058631354681883,7.175285714285715,0.22,1,0,1,3,0,1,0,0,1,0
demo-row-0935,normal_operating_request,0,0.2908,0.4666,6.310505750073324,1.4048423529411764,0.36,1,0,0,3,0,0,0,0,1,1
demo-row-0936,large_amount_or_unusual_frequency,1,0.2732,0.5316,6.3304994061545345,1.5181423529411764,0.36,1,0,1,0,0,0,0,0,1,1
demo-row-0937,large_amount_or_unusual_frequency,1,0.7289,0.5684,5.7762339572456085,5.287957894736842,0.25,0,0,1,9,0,0,0,0,1,0
demo-row-0938,missing_evidence,1,0.7114,0.6066,5.634438978007892,3.5364315789473686,0.25,0,0,1,2,1,1,0,0,1,0
demo-row-0939,large_amount_or_unusual_frequency,1,0.63,0.5069,5.304432359438659,2.1011076923076923,0.32,0,1,0,2,0,0,0,0,1,0
demo-row-0940,large_amount_or_unusual_frequency,1,0.4798,0.4527,5.701339121507641,2.590957142857143,0.22,1,0,1,2,0,0,0,0,1,0
demo-row-0941,normal_operating_request,0,0.2732,0.4644,6.30541027470316,1.3767917647058823,0.36,1,0,0,1,0,0,0,0,1,1
demo-row-0942,large_amount_or_unusual_frequency,1,0.7372,0.419,5.506688993591979,3.9405384615384613,0.32,1,0,0,4,0,0,0,0,1,0
demo-row-0943,normal_operating_request,0,0.2324,0.4046,5.31791297623236,1.1887052631578947,0.25,1,0,0,3,0,0,0,0,1,0
demo-row-0944,missing_evidence,1,0.3994,0.5583,5.1482694033719705,0.8344811764705883,0.36,0,1,0,1,0,0,0,0,1,1
demo-row-0945,normal_operating_request,0,0.2173,0.4165,4.863614275062177,0.23107368421052632,0.25,1,0,0,2,0,0,0,0,1,0
demo-row-0946,normal_operating_request,0,0.2324,0.4326,4.6019188226801955,0.5790947368421052,0.25,1,0,0,3,0,0,0,0,1,0
demo-row-0947,missing_evidence,1,0.5015,0.4165,5.71032895804263,2.6660642857142856,0.22,1,0,0,4,0,0,0,0,1,0
demo-row-0948,normal_operating_request,0,0.2173,0.5017,4.487265674419202,0.706,0.16,1,0,1,1,0,0,0,0,1,0
demo-row-0949,normal_operating_request,0,0.2908,0.465,6.282927620032821,1.25688,0.36,1,0,0,3,0,0,0,0,1,1
demo-row-0950,new_or_watchlisted_beneficiary,1,0.2908,0.5052,6.181595512099076,0.7872129411764706,0.36,1,0,0,4,0,1,0,0,1,1
demo-row-0951,normal_operating_request,0,0.2246,0.4168,5.067483741871924,0.7970769230769231,0.32,1,0,0,2,0,0,0,0,1,0
demo-row-0952,missing_evidence,1,0.7372,0.5146,5.672139437331811,6.231446153846154,0.32,1,0,0,9,0,0,0,0,1,0
demo-row-0953,normal_operating_request,0,0.2908,0.4624,6.000704722158977,0.17838,0.36,1,0,0,3,0,0,0,0,1,1
demo-row-0954,normal_operating_request,0,0.2173,0.4317,5.005163346374728,0.27717857142857144,0.22,1,0,0,0,0,0,0,0,1,0
demo-row-0955,urgent_after_hours_request,1,0.2401,0.4152,5.197823431465627,1.4260923076923078,0.32,1,0,0,4,0,0,0,0,1,0
demo-row-0956,missing_evidence,1,0.7289,0.4762,5.639325092984235,3.5877578947368423,0.25,0,0,0,5,0,0,0,0,1,0
demo-row-0957,normal_operating_request,0,0.4798,0.4137,5.730954990424517,2.8443785714285714,0.22,1,0,0,2,0,0,0,0,1,0
demo-row-0958,normal_operating_request,0,0.2173,0.4649,4.470189906285553,0.6402222222222222,0.16,1,0,0,0,0,0,0,0,1,0
demo-row-0959,normal_operating_request,0,0.2173,0.449,5.341246520447747,0.5671714285714285,0.22,1,0,0,0,0,1,0,0,1,0
demo-row-0960,large_amount_or_unusual_frequency,1,0.7289,0.5166,5.7852315736684865,5.41958947368421,0.25,0,0,1,3,0,0,0,0,1,0
demo-row-0961,missing_evidence,1,0.5015,0.5155,5.709175797081737,2.656342857142857,0.22,1,0,0,5,0,0,1,0,1,0
demo-row-0962,large_amount_or_unusual_frequency,1,0.7114,0.5204,5.629552301541317,3.4856736842105263,0.25,1,0,0,2,1,0,0,0,1,0
demo-row-0963,large_amount_or_unusual_frequency,1,0.7372,0.4092,5.434596046591121,3.1848615384615386,0.32,1,0,0,3,0,0,0,0,1,0
demo-row-0964,normal_operating_request,0,0.2324,0.4261,4.90374636113791,0.15663157894736843,0.25,1,0,0,4,0,0,0,0,1,0
demo-row-0965,normal_operating_request,0,0.2732,0.5204,5.8188564167257795,0.22475882352941176,0.36,1,0,0,1,0,0,0,1,1,0
demo-row-0966,urgent_after_hours_request,1,0.7201,0.4173,5.511955514683264,4.000815384615384,0.32,1,0,0,2,0,0,0,0,1,0
demo-row-0967,urgent_after_hours_request,1,0.7067,0.6293,6.392760598232536,1.9063070588235294,0.36,0,1,0,9,1,0,0,0,1,1
demo-row-0968,large_amount_or_unusual_frequency,1,0.5015,0.5178,5.493933214455003,2.2825263157894735,0.25,0,0,0,9,0,0,0,0,1,0
demo-row-0969,missing_evidence,1,0.4472,0.4088,5.38908098976262,2.768476923076923,0.32,1,0,0,4,0,0,0,0,1,0
demo-row-0970,normal_operating_request,0,0.2173,0.4567,5.1695304289307025,0.5552631578947368,0.25,1,0,1,0,0,0,0,0,1,0
demo-row-0971,normal_operating_request,0,0.2173,0.4136,4.994620656718078,0.039663157894736845,0.25,1,0,0,2,0,0,0,0,1,0
demo-row-0972,missing_evidence,1,0.7289,0.5965,5.8291293766282655,6.1024,0.25,1,0,0,8,1,1,0,0,1,0
demo-row-0973,normal_operating_request,0,0.3892,0.5128,5.1798992026514155,0.08085714285714286,0.22,0,1,0,1,0,0,0,0,1,0
demo-row-0974,normal_operating_request,0,0.2908,0.46,5.912701801149726,0.03776235294117647,0.36,1,0,0,4,0,0,0,0,1,1
demo-row-0975,missing_evidence,1,0.4472,0.4067,5.377592164624857,2.6700923076923075,0.32,1,0,0,3,0,0,0,0,1,0
demo-row-0976,normal_operating_request,0,0.2732,0.4621,6.269619636798547,1.1887717647058824,0.36,1,0,0,1,0,0,0,0,1,1
demo-row-0977,normal_operating_request,0,0.2324,0.4226,4.926311571512884,0.11165263157894736,0.25,1,0,0,4,0,0,0,0,1,0
demo-row-0978,normal_operating_request,0,0.2732,0.4565,6.1431463184510005,0.6357882352941177,0.36,1,0,0,2,0,0,0,0,1,1
demo-row-0979,normal_operating_request,0,0.2173,0.4306,4.983910312114648,0.3117,0.22,1,0,0,0,0,0,0,0,1,0
demo-row-0980,normal_operating_request,0,0.2401,0.4219,4.948808932206875,0.36738461538461537,0.32,1,0,0,3,0,0,0,0,1,0
demo-row-0981,new_or_watchlisted_beneficiary,1,0.4849,0.5446,5.546936064619376,0.5855082352941177,0.36,0,1,0,4,0,0,0,0,1,1
demo-row-0982,normal_operating_request,0,0.4798,0.4179,5.653773838393546,2.218435714285714,0.22,1,0,0,0,0,0,0,0,1,0
demo-row-0983,large_amount_or_unusual_frequency,1,0.7201,0.4456,5.599404866723777,5.116323076923077,0.32,1,0,0,0,0,0,0,0,1,0
demo-row-0984,normal_operating_request,0,0.4258,0.4167,5.268334549009515,1.8537692307692308,0.32,1,0,0,0,0,0,0,0,1,0
demo-row-0985,normal_operating_request,0,0.2173,0.449,4.523395248455329,0.854,0.16,1,0,0,2,0,0,0,0,1,0
demo-row-0986,normal_operating_request,0,0.2401,0.4324,4.8966805079153835,0.21272307692307693,0.32,1,0,0,4,0,0,0,0,1,0
demo-row-0987,urgent_after_hours_request,1,0.7201,0.4395,5.634782478964209,5.635415384615385,0.32,1,0,0,2,0,0,0,0,1,0
demo-row-0988,normal_operating_request,0,0.2324,0.4373,5.147735050485009,0.47913684210526314,0.25,0,0,0,3,0,0,0,0,1,0
demo-row-0989,normal_operating_request,0,0.7114,0.4371,5.814250260107072,5.86318947368421,0.25,1,0,0,2,0,0,0,0,1,0
demo-row-0990,missing_evidence,1,0.2324,0.5464,5.390037344066054,1.5841157894736841,0.25,0,0,0,4,1,0,0,0,1,0
demo-row-0991,normal_operating_request,0,0.2246,0.4342,4.807162809471061,0.01316923076923077,0.32,1,0,0,1,0,0,0,0,1,0
demo-row-0992,large_amount_or_unusual_frequency,1,0.4849,0.5447,5.720424762314293,0.3819764705882353,0.36,0,1,0,4,0,0,0,0,1,1
demo-row-0993,new_or_watchlisted_beneficiary,1,0.4367,0.5057,4.83021001955361,2.7577777777777777,0.16,0,0,1,3,0,0,0,0,1,0
demo-row-0994,urgent_after_hours_request,1,0.4632,0.5576,6.245843198029261,1.0721635294117646,0.36,0,1,0,1,0,0,0,0,1,1
demo-row-0995,normal_operating_request,0,0.2246,0.4566,5.09033213421717,0.8941538461538462,0.32,1,0,0,1,0,1,0,0,1,0
demo-row-0996,urgent_after_hours_request,1,0.7201,0.4237,5.5433229006469125,4.3753692307692305,0.32,1,0,0,2,0,0,0,0,1,0
demo-row-0997,large_amount_or_unusual_frequency,1,0.4472,0.5058,5.39306603460844,2.8032153846153847,0.32,1,0,0,3,1,0,0,0,1,0
demo-row-0998,normal_operating_request,0,0.2324,0.4517,4.996283958100331,0.043652631578947367,0.25,0,0,0,4,0,0,0,0,1,0
demo-row-0999,urgent_after_hours_request,1,0.6745,0.4937,4.867096086866397,3.090888888888889,0.16,1,0,0,7,0,0,0,0,1,0
demo-row-1000,new_or_watchlisted_beneficiary,1,0.4526,0.5013,5.5135265586104545,1.3302214285714287,0.22,0,1,0,2,0,0,0,0,1,0
demo-row-1001,urgent_after_hours_request,1,0.7114,0.511,5.7448779084551,2.9696214285714286,0.22,1,0,1,0,0,1,0,0,1,0
demo-row-1002,missing_evidence,1,0.8606,0.581,6.038032493487498,6.796578571428571,0.22,0,1,1,6,0,0,0,0,1,0
demo-row-1003,normal_operating_request,0,0.2401,0.414,5.114907750778118,1.0044307692307692,0.32,1,0,0,3,0,0,0,0,1,0
demo-row-1004,normal_operating_request,0,0.2173,0.4336,4.88535556511863,0.1916,0.25,1,0,0,0,0,0,0,0,1,0
demo-row-1005,urgent_after_hours_request,1,0.8606,0.5425,5.927376523200752,5.042935714285714,0.22,0,1,0,5,0,1,0,0,1,0
demo-row-1006,normal_operating_request,0,0.2173,0.414,5.326628706093072,1.2330736842105263,0.25,1,0,0,0,0,0,0,0,1,0
demo-row-1007,normal_operating_request,0,0.2732,0.4574,6.09098773170588,0.4506694117647059,0.36,1,0,0,2,0,0,0,0,1,1
demo-row-1008,urgent_after_hours_request,1,0.8606,0.631,5.803349894499254,3.5417285714285716,0.22,0,1,1,8,0,0,1,0,1,0
demo-row-1009,normal_operating_request,0,0.2173,0.459,4.634920407280106,1.3968333333333334,0.16,0,0,0,2,0,0,0,0,1,0
demo-row-1010,new_or_watchlisted_beneficiary,1,0.7067,0.5833,6.515762607709876,2.8578341176470587,0.36,0,1,0,8,0,0,0,0,1,1
demo-row-1011,normal_operating_request,0,0.2246,0.4962,4.403395087002509,0.6105384615384616,0.32,1,0,1,2,0,0,0,0,1,0
demo-row-1012,normal_operating_request,0,0.5015,0.4092,5.673422743237913,2.3673928571428573,0.22,1,0,0,3,0,0,0,0,1,0
demo-row-1013,new_or_watchlisted_beneficiary,1,0.6745,0.5368,5.0786416620048005,5.658333333333333,0.16,0,0,1,7,0,0,0,0,1,0
demo-row-1014,normal_operating_request,0,0.2173,0.4128,5.172024654533027,0.06143571428571429,0.22,1,0,0,1,0,0,0,0,1,0
demo-row-1015,normal_operating_request,0,0.2324,0.4607,4.620677283847404,1.3195,0.16,0,0,0,3,0,0,0,0,1,0
demo-row-1016,normal_operating_request,0,0.2732,0.5228,6.207812033682933,0.8984223529411764,0.36,1,0,1,1,0,0,0,0,1,1
demo-row-1017,urgent_after_hours_request,1,0.4632,0.552,5.499880822695266,0.6280705882352942,0.36,0,1,0,1,0,0,0,0,1,1
demo-row-1018,normal_operating_request,0,0.2324,0.4805,4.419063124492548,0.45805555555555555,0.16,0,0,0,4,0,0,0,0,1,0
demo-row-1019,new_or_watchlisted_beneficiary,1,0.7372,0.4263,5.584714455828952,4.9128923076923074,0.32,1,0,0,4,0,0,0,0,1,0
demo-row-1020,urgent_after_hours_request,1,0.8656,0.5276,5.836429827589979,8,0.32,0,1,0,5,0,0,0,0,1,0
demo-row-1021,new_or_watchlisted_beneficiary,1,0.5015,0.4428,5.436673001007504,1.8770526315789473,0.25,0,0,0,4,0,0,0,0,1,0
demo-row-1022,new_or_watchlisted_beneficiary,1,0.5121,0.492,6.424272053866159,2.125021176470588,0.36,1,0,0,4,0,0,0,0,1,1
demo-row-1023,new_or_watchlisted_beneficiary,1,0.4367,0.444,4.844787718827846,2.8860555555555556,0.16,1,0,0,4,0,0,0,0,1,0
demo-row-1024,normal_operating_request,0,0.2401,0.4264,4.834312593503392,0.05049230769230769,0.32,1,0,0,3,0,0,0,0,1,0
demo-row-1025,normal_operating_request,0,0.6745,0.4517,4.985983020280123,4.3790555555555555,0.16,1,0,0,3,0,0,0,0,1,0
demo-row-1026,normal_operating_request,0,0.2173,0.4906,3.9459607035775686,0.5095,0.16,1,0,0,2,0,0,0,0,1,0
demo-row-1027,urgent_after_hours_request,1,0.2908,0.5206,6.325154695956017,1.4873423529411764,0.36,1,0,0,4,0,0,0,1,1,0
demo-row-1028,urgent_after_hours_request,1,0.6551,0.5225,4.862161206206487,3.0446666666666666,0.16,1,0,1,1,0,1,0,0,1,0
demo-row-1029,large_amount_or_unusual_frequency,1,0.7114,0.5336,5.842210953759901,6.319589473684211,0.25,0,0,0,1,0,0,1,0,1,0
demo-row-1030,missing_evidence,1,0.4904,0.5493,6.444450936868957,2.2736470588235296,0.36,1,0,1,0,0,0,0,0,1,1
demo-row-1031,normal_operating_request,0,0.2732,0.5098,6.268553635734347,1.1834058823529412,0.36,1,0,0,2,0,1,0,0,1,1
demo-row-1032,missing_evidence,1,0.2908,0.4646,6.230459906335065,1.0000494117647059,0.36,1,0,0,4,0,0,0,0,1,1
demo-row-1033,new_or_watchlisted_beneficiary,1,0.4849,0.5461,6.095827097022947,0.46692470588235296,0.36,0,1,0,4,0,0,0,0,1,1
demo-row-1034,new_or_watchlisted_beneficiary,1,0.8498,0.5618,6.124744454951794,8,0.22,0,1,0,2,0,1,0,0,1,0
demo-row-1035,normal_operating_request,0,0.2324,0.4414,4.537705786080527,0.7536428571428572,0.22,1,0,0,4,0,0,0,0,1,0
demo-row-1036,large_amount_or_unusual_frequency,1,0.8606,0.5856,5.908760520813448,4.789378571428571,0.22,0,1,0,9,0,1,0,0,1,0
demo-row-1037,normal_operating_request,0,0.4798,0.4054,5.442181775330861,1.913778947368421,0.25,1,0,0,1,0,0,0,0,1,0
demo-row-1038,urgent_after_hours_request,1,0.4904,0.5262,6.392213157645208,1.902645882352941,0.36,1,0,1,2,0,0,0,0,1,1
demo-row-1039,normal_operating_request,0,0.2324,0.4615,4.546505648166498,0.9553333333333334,0.16,0,0,0,3,0,0,0,0,1,0
demo-row-1040,new_or_watchlisted_beneficiary,1,0.6745,0.465,5.051171823995435,5.250222222222222,0.16,1,0,0,4,0,0,0,0,1,0
demo-row-1041,normal_operating_request,0,0.2401,0.414,5.12036660481448,1.0297846153846153,0.32,1,0,0,3,0,0,0,0,1,0
demo-row-1042,new_or_watchlisted_beneficiary,1,0.8552,0.6487,6.714972844087802,5.103147058823529,0.36,0,1,0,2,0,0,1,1,1,0
demo-row-1043,normal_operating_request,0,0.2246,0.4472,5.188818842188718,1.3763076923076922,0.32,1,0,0,2,0,1,0,0,1,0
demo-row-1044,normal_operating_request,0,0.2324,0.4963,4.079687627611336,0.33261111111111114,0.16,1,0,0,4,0,0,0,0,1,0
demo-row-1045,normal_operating_request,0,0.2324,0.4329,4.611818863517198,0.5693894736842106,0.25,1,0,0,3,0,0,0,0,1,0
demo-row-1046,urgent_after_hours_request,1,0.8606,0.5612,6.062190378672331,7.242557142857143,0.22,0,1,0,5,0,1,0,0,1,0
demo-row-1047,normal_operating_request,0,0.2732,0.5437,6.144638646526097,0.6414188235294118,0.36,1,0,0,1,0,1,0,1,1,0
demo-row-1048,normal_operating_request,0,0.2324,0.4053,5.294269977721985,1.0727368421052632,0.25,1,0,0,3,0,0,0,0,1,0
demo-row-1049,normal_operating_request,0,0.2173,0.4798,4.588249291064787,1.152611111111111,0.16,0,0,0,0,0,0,0,0,1,0
demo-row-1050,normal_operating_request,0,0.7114,0.4165,5.760613199360923,3.116085714285714,0.22,1,0,0,1,0,0,0,0,1,0
demo-row-1051,normal_operating_request,0,0.4904,0.486,6.404097014279503,1.9831694117647058,0.36,1,0,0,0,0,0,0,0,1,1
demo-row-1052,new_or_watchlisted_beneficiary,1,0.7201,0.423,5.452508635771485,3.361076923076923,0.32,1,0,0,0,0,0,0,0,1,0
demo-row-1053,normal_operating_request,0,0.4367,0.4433,4.811454351756217,2.5989444444444443,0.16,1,0,0,3,0,0,0,0,1,0
demo-row-1054,normal_operating_request,0,0.2173,0.4946,5.390062110451042,0.7536071428571428,0.22,1,0,0,1,1,0,0,0,1,0
demo-row-1055,urgent_after_hours_request,1,0.2401,0.4172,5.056634285421539,0.7527384615384616,0.32,1,0,0,3,0,0,0,0,1,0
demo-row-1056,normal_operating_request,0,0.2173,0.4941,3.8587777373054495,0.5987222222222223,0.16,1,0,0,2,0,0,0,0,1,0
demo-row-1057,normal_operating_request,0,0.4154,0.4655,4.828434314118396,2.7424444444444442,0.16,0,0,0,1,0,0,0,0,1,0
demo-row-1058,normal_operating_request,0,0.2173,0.4121,5.24293877002958,0.24970714285714285,0.22,1,0,0,2,0,0,0,0,1,0
demo-row-1059,urgent_after_hours_request,1,0.8656,0.5092,5.503947218684645,3.909446153846154,0.32,0,1,0,3,0,0,0,0,1,0
demo-row-1060,normal_operating_request,0,0.2173,0.4065,5.3811728624102,0.7180785714285715,0.22,1,0,0,1,0,0,0,0,1,0
demo-row-1061,normal_operating_request,0,0.5015,0.4067,5.635792267772284,2.0879,0.22,1,0,0,3,0,0,0,0,1,0
demo-row-1062,normal_operating_request,0,0.4154,0.4616,5.4164341268311516,1.7460526315789473,0.25,0,0,0,0,0,0,0,0,1,0
demo-row-1063,normal_operating_request,0,0.2324,0.4922,4.99633213833911,0.04376842105263158,0.25,0,0,1,3,0,0,0,0,1,0
demo-row-1064,normal_operating_request,0,0.2324,0.431,4.895207002932124,0.43885714285714283,0.22,1,0,0,4,0,0,0,0,1,0
demo-row-1065,normal_operating_request,0,0.2324,0.4287,4.738994482996551,0.4228842105263158,0.25,1,0,0,3,0,0,0,0,1,0
demo-row-1066,normal_operating_request,0,0.2324,0.568,3.808953299155911,0.6422222222222222,0.16,1,0,0,3,1,0,0,0,1,0
demo-row-1067,urgent_after_hours_request,1,0.5015,0.4053,5.474728953479103,2.1405368421052633,0.25,1,0,0,3,0,0,0,0,1,0
demo-row-1068,new_or_watchlisted_beneficiary,1,0.7114,0.4835,5.812383862870843,3.6371928571428573,0.22,1,0,0,0,0,1,0,0,1,0
demo-row-1069,normal_operating_request,0,0.4367,0.4538,4.771690347255374,2.2840555555555557,0.16,0,0,0,3,0,0,0,0,1,0
demo-row-1070,normal_operating_request,0,0.4154,0.4522,4.694543779209378,1.7495555555555555,0.16,1,0,0,0,0,0,0,0,1,0
demo-row-1071,normal_operating_request,0,0.2173,0.4378,4.6172520330907965,1.3012777777777778,0.16,1,0,0,2,0,0,0,0,1,0
demo-row-1072,normal_operating_request,0,0.2732,0.4628,6.2931052170207264,1.3103941176470588,0.36,1,0,0,1,0,0,0,0,1,1
demo-row-1073,normal_operating_request,0,0.4367,0.4448,4.726939008339184,1.9625,0.16,1,0,0,4,0,0,0,0,1,0
demo-row-1074,normal_operating_request,0,0.2732,0.4746,6.327021586507191,1.4980576470588236,0.36,1,0,0,0,0,0,0,0,1,1
demo-row-1075,new_or_watchlisted_beneficiary,1,0.7114,0.469,5.7375051268359085,4.751494736842106,0.25,0,0,0,2,0,0,0,0,1,0
demo-row-1076,normal_operating_request,0,0.6551,0.5056,4.945315915115233,3.898222222222222,0.16,0,0,0,2,0,1,0,0,1,0
demo-row-1077,urgent_after_hours_request,1,0.4472,0.4042,5.323155120980498,2.2377230769230767,0.32,1,0,0,3,0,0,0,0,1,0
demo-row-1078,new_or_watchlisted_beneficiary,1,0.4367,0.5187,4.752447968653242,2.141722222222222,0.16,0,0,1,7,0,0,0,0,1,0
demo-row-1079,urgent_after_hours_request,1,0.4154,0.4489,5.4099787472032785,1.7055368421052632,0.25,1,0,0,0,0,1,0,0,1,0
demo-row-1080,normal_operating_request,0,0.2324,0.4433,5.110956517356279,0.3590315789473684,0.25,0,0,0,4,0,0,0,0,1,0
demo-row-1081,new_or_watchlisted_beneficiary,1,0.4367,0.4631,4.733983260616065,2.0109444444444446,0.16,0,0,0,4,0,0,0,0,1,0
demo-row-1082,normal_operating_request,0,0.2324,0.4137,5.230349277684623,0.214,0.22,1,0,0,3,0,0,0,0,1,0
demo-row-1083,large_amount_or_unusual_frequency,1,0.4632,0.5651,5.728821107359577,0.36991176470588233,0.36,0,1,0,1,0,0,0,1,1,0
demo-row-1084,normal_operating_request,0,0.4154,0.4359,4.8372727025023,2.8193888888888887,0.16,1,0,0,2,0,0,0,0,1,0
demo-row-1085,urgent_after_hours_request,1,0.7067,0.5906,6.4129119118549704,2.0443376470588235,0.36,0,1,1,4,0,0,0,0,1,1
demo-row-1086,normal_operating_request,0,0.4154,0.4577,4.823265509001966,2.698166666666667,0.16,1,0,0,0,0,0,0,0,1,0
demo-row-1087,large_amount_or_unusual_frequency,1,0.7372,0.4121,5.435364912868519,3.192276923076923,0.32,1,0,0,4,0,0,0,0,1,0
demo-row-1088,normal_operating_request,0,0.5015,0.4098,5.708589995590667,2.6514142857142855,0.22,1,0,0,3,0,0,0,0,1,0
demo-row-1089,urgent_after_hours_request,1,0.4904,0.4916,6.437260833753268,2.219895294117647,0.36,1,0,0,1,0,0,0,0,1,1
demo-row-1090,normal_operating_request,0,0.2732,0.5294,6.209489545909574,0.9057694117647059,0.36,1,0,0,0,0,0,0,1,1,0
demo-row-1091,normal_operating_request,0,0.2324,0.4497,4.542314924348526,0.9365555555555556,0.16,1,0,0,4,0,0,0,0,1,0
demo-row-1092,missing_evidence,1,0.2732,0.6134,5.917351089626605,0.027405882352941176,0.36,1,0,1,1,0,0,1,1,1,0
demo-row-1093,normal_operating_request,0,0.2732,0.4696,6.260798341800134,1.1447623529411766,0.36,1,0,0,0,0,0,0,0,1,1
demo-row-1094,normal_operating_request,0,0.2173,0.4344,5.171820028914312,0.5634842105263158,0.25,0,0,0,2,0,0,0,0,1,0
demo-row-1095,normal_operating_request,0,0.2246,0.4876,5.233998148368494,0.79836,0.36,1,0,0,1,0,0,0,0,1,1
demo-row-1096,normal_operating_request,0,0.2246,0.4614,5.218275480874341,1.543076923076923,0.32,1,0,0,0,0,1,0,0,1,0
demo-row-1097,urgent_after_hours_request,1,0.7201,0.4723,5.520933969663918,4.105276923076923,0.32,1,0,0,0,0,1,0,0,1,0
demo-row-1098,normal_operating_request,0,0.2173,0.4431,5.339638237198987,1.300978947368421,0.25,0,0,0,2,0,0,0,0,1,0
demo-row-1099,normal_operating_request,0,0.2173,0.4282,4.997386384397314,0.04630526315789474,0.25,1,0,0,0,0,0,0,0,1,0
demo-row-1100,normal_operating_request,0,0.2246,0.4728,5.332313203445767,0.7471329411764706,0.36,1,0,0,2,0,0,0,0,1,1
demo-row-1101,urgent_after_hours_request,1,0.2732,0.5253,6.3393617904925765,1.5700564705882354,0.36,1,0,1,2,0,0,0,0,1,1
demo-row-1102,normal_operating_request,0,0.2732,0.5102,6.216427983933458,0.9364611764705882,0.36,1,0,0,1,0,1,0,0,1,1
demo-row-1103,normal_operating_request,0,0.2732,0.4521,6.07509052994547,0.3985282352941176,0.36,1,0,0,1,0,0,0,0,1,1
demo-row-1104,normal_operating_request,0,0.2732,0.4558,6.15703707985903,0.6889541176470588,0.36,1,0,0,1,0,0,0,0,1,1
demo-row-1105,new_or_watchlisted_beneficiary,1,0.2732,0.5724,6.347103537578742,1.6162811764705882,0.36,1,0,1,2,0,0,0,1,1,0
demo-row-1106,urgent_after_hours_request,1,0.6745,0.5115,4.918612153256945,3.6061111111111113,0.16,1,0,1,6,0,0,0,0,1,0
demo-row-1107,new_or_watchlisted_beneficiary,1,0.6745,0.5329,4.941561120236071,3.8560555555555553,0.16,0,0,1,7,0,0,0,0,1,0
demo-row-1108,normal_operating_request,0,0.2173,0.4058,5.315676520348013,1.1774631578947368,0.25,1,0,0,1,0,0,0,0,1,0
demo-row-1109,normal_operating_request,0,0.4798,0.4166,5.620383854976867,1.9802642857142858,0.22,1,0,0,0,0,0,0,0,1,0
demo-row-1110,new_or_watchlisted_beneficiary,1,0.3994,0.6048,5.128218274974031,0.8419494117647058,0.36,0,1,0,0,0,0,1,0,1,1
demo-row-1111,normal_operating_request,0,0.2246,0.5213,5.377597626108919,0.7193423529411764,0.36,1,0,0,1,0,0,0,1,1,0
demo-row-1112,normal_operating_request,0,0.2324,0.4938,4.378470580135305,0.3279444444444444,0.16,1,0,0,3,0,1,0,0,1,0
demo-row-1113,normal_operating_request,0,0.4367,0.4056,5.431696595692655,1.8442736842105263,0.25,1,0,0,3,0,0,0,0,1,0
demo-row-1114,normal_operating_request,0,0.2173,0.4579,4.755112266395071,0.40106315789473684,0.25,1,0,0,1,0,1,0,0,1,0
demo-row-1115,normal_operating_request,0,0.4258,0.4131,5.247632076255582,1.720923076923077,0.32,1,0,0,1,0,0,0,0,1,0
demo-row-1116,normal_operating_request,0,0.2732,0.5179,5.927888025005525,0.00352,0.36,1,0,0,2,0,0,0,1,1,0
demo-row-1117,normal_operating_request,0,0.2324,0.4376,4.528376708845408,0.7588785714285714,0.22,1,0,0,3,0,0,0,0,1,0
demo-row-1118,normal_operating_request,0,0.6551,0.496,5.163814115597508,7.101,0.16,1,0,0,2,0,1,0,0,1,0
demo-row-1119,normal_operating_request,0,0.2401,0.4748,5.308703109551136,0.7605129411764706,0.36,1,0,0,3,0,0,0,0,1,1
demo-row-1120,missing_evidence,1,0.4101,0.5043,5.3982577959368365,0.7870142857142857,0.22,0,1,0,4,0,0,0,0,1,0
demo-row-1121,normal_operating_request,0,0.2732,0.4558,6.165984933736734,0.7241129411764706,0.36,1,0,0,1,0,0,0,0,1,1
demo-row-1122,normal_operating_request,0,0.2173,0.4147,5.376551409570879,0.6998928571428571,0.22,1,0,0,0,0,0,0,0,1,0
demo-row-1123,missing_evidence,1,0.4204,0.5581,5.106731303443847,0.8495788235294117,0.36,0,1,0,4,0,0,0,0,1,1
demo-row-1124,new_or_watchlisted_beneficiary,1,0.4632,0.5517,6.168413503947173,0.7337811764705883,0.36,0,1,0,1,0,0,0,0,1,1
demo-row-1125,new_or_watchlisted_beneficiary,1,0.7114,0.4725,5.796683240055204,3.472542857142857,0.22,1,0,0,1,0,1,0,0,1,0
demo-row-1126,normal_operating_request,0,0.2246,0.4376,4.97328491043565,0.44666153846153844,0.32,1,0,0,0,0,0,0,0,1,0
demo-row-1127,normal_operating_request,0,0.2732,0.4646,6.310681844269198,1.4058176470588235,0.36,1,0,0,2,0,0,0,0,1,1
demo-row-1128,normal_operating_request,0,0.2324,0.4623,4.573301039434461,1.0797777777777777,0.16,0,0,0,3,0,0,0,0,1,0
demo-row-1129,normal_operating_request,0,0.4154,0.4788,4.7552572614351405,2.1621111111111113,0.16,0,0,0,0,0,0,0,0,1,0
demo-row-1130,missing_evidence,1,0.4849,0.6329,6.300956159325791,1.35254,0.36,0,1,1,4,0,1,0,1,1,0
demo-row-1131,new_or_watchlisted_beneficiary,1,0.8498,0.542,5.793232845297934,3.43715,0.22,0,1,0,0,0,0,0,0,1,0
demo-row-1132,missing_evidence,1,0.7372,0.538,5.587810830044922,4.9552,0.32,1,0,0,6,0,0,1,0,1,0
demo-row-1133,normal_operating_request,0,0.5015,0.4098,5.716609262666334,2.719464285714286,0.22,1,0,0,3,0,0,0,0,1,0
demo-row-1134,normal_operating_request,0,0.2173,0.4179,4.952385555324666,0.3598928571428571,0.22,1,0,0,2,0,0,0,0,1,0
demo-row-1135,new_or_watchlisted_beneficiary,1,0.7372,0.4224,5.535332103321826,4.277369230769231,0.32,1,0,0,4,0,0,0,0,1,0
demo-row-1136,normal_operating_request,0,0.2908,0.5018,5.7518816159522,0.3355505882352941,0.36,1,0,0,3,0,1,0,0,1,1
demo-row-1137,normal_operating_request,0,0.4798,0.4464,5.43608309864198,1.8731473684210527,0.25,0,0,0,1,0,0,0,0,1,0
demo-row-1138,new_or_watchlisted_beneficiary,1,0.6884,0.5912,6.4359947828530375,2.2105223529411764,0.36,0,1,0,1,0,0,0,1,1,0
demo-row-1139,normal_operating_request,0,0.2324,0.4456,5.3394415031039,1.299936842105263,0.25,0,0,0,3,0,0,0,0,1,0
demo-row-1140,normal_operating_request,0,0.2173,0.4047,5.317605832093066,0.48414285714285715,0.22,1,0,0,1,0,0,0,0,1,0
demo-row-1141,normal_operating_request,0,0.2908,0.4637,5.994193931082229,0.16084588235294117,0.36,1,0,0,4,0,0,0,0,1,1
demo-row-1142,normal_operating_request,0,0.4798,0.4137,5.722535208024488,2.770564285714286,0.22,1,0,0,2,0,0,0,0,1,0
demo-row-1143,normal_operating_request,0,0.2173,0.4757,4.682415861677359,0.6562214285714286,0.22,1,0,1,1,0,0,0,0,1,0
demo-row-1144,urgent_after_hours_request,1,0.4849,0.5578,6.067403055414891,0.37399058823529413,0.36,0,1,0,4,0,0,0,1,1,0
demo-row-1145,new_or_watchlisted_beneficiary,1,0.3892,0.5303,5.430279893564608,0.9237571428571428,0.22,0,1,0,1,0,1,0,0,1,0
demo-row-1146,normal_operating_request,0,0.2324,0.423,5.007470389421052,0.07088421052631579,0.25,1,0,0,4,0,0,0,0,1,0
demo-row-1147,large_amount_or_unusual_frequency,1,0.7201,0.4185,5.470532499706035,3.545876923076923,0.32,1,0,0,1,0,0,0,0,1,0
demo-row-1148,missing_evidence,1,0.8552,0.5486,5.705436902337081,6.8076923076923075,0.32,0,1,0,2,0,1,0,0,1,0
demo-row-1149,missing_evidence,1,0.6745,0.5993,5.078630791008711,5.658166666666666,0.16,1,0,0,8,1,0,0,0,1,0
demo-row-1150,normal_operating_request,0,0.4101,0.5064,5.358426007651987,0.6304071428571428,0.22,0,1,0,3,0,0,0,0,1,0
demo-row-1151,normal_operating_request,0,0.4904,0.4731,6.348731158204456,1.626104705882353,0.36,1,0,0,0,0,0,0,0,1,1
demo-row-1152,missing_evidence,1,0.7372,0.4154,5.477853147689432,3.623153846153846,0.32,1,0,0,3,0,0,0,0,1,0
demo-row-1153,urgent_after_hours_request,1,0.7372,0.6176,6.776505562171636,6.032124705882353,0.36,1,0,0,8,0,0,0,1,1,0
demo-row-1154,normal_operating_request,0,0.2732,0.5233,6.232344688308404,1.0087482352941177,0.36,1,0,1,0,0,0,0,0,1,1
demo-row-1155,normal_operating_request,0,0.4154,0.4888,4.849087576982787,2.924722222222222,0.16,1,0,1,1,0,0,0,0,1,0
demo-row-1156,normal_operating_request,0,0.4798,0.4147,5.477459872371824,2.1603473684210526,0.25,1,0,0,0,0,0,0,0,1,0
demo-row-1157,normal_operating_request,0,0.4798,0.4611,5.486281673851796,2.2252,0.25,0,0,0,0,0,0,0,0,1,0
demo-row-1158,new_or_watchlisted_beneficiary,1,0.7201,0.4349,5.538863920474946,4.320461538461538,0.32,1,0,0,0,0,0,0,0,1,0
demo-row-1159,large_amount_or_unusual_frequency,1,0.8552,0.6492,6.5543776949551535,3.2165635294117645,0.36,0,1,1,1,0,1,0,1,1,0
demo-row-1160,missing_evidence,1,0.2324,0.4467,5.353698933201018,1.3766947368421052,0.25,0,0,0,4,0,0,0,0,1,0
demo-row-1161,new_or_watchlisted_beneficiary,1,0.6745,0.5722,4.879841055986563,3.2127222222222223,0.16,1,0,0,3,1,1,0,0,1,0
demo-row-1162,normal_operating_request,0,0.2401,0.4463,4.649169288899918,0.31412307692307695,0.32,1,0,0,4,0,0,0,0,1,0
demo-row-1163,missing_evidence,1,0.4798,0.5401,5.469256328803359,2.1012105263157896,0.25,0,0,0,2,1,0,0,0,1,0
demo-row-1164,missing_evidence,1,0.7372,0.5509,6.659655164821578,4.3732388235294115,0.36,1,0,0,3,0,0,0,1,1,0
demo-row-1165,large_amount_or_unusual_frequency,1,0.7372,0.4103,5.449438284878223,3.330353846153846,0.32,1,0,0,3,0,0,0,0,1,0
demo-row-1166,missing_evidence,1,0.8606,0.606,6.05661255662137,7.137371428571429,0.22,0,1,0,5,1,0,0,0,1,0
demo-row-1167,large_amount_or_unusual_frequency,1,0.6838,0.412,5.42605558248393,3.1033692307692307,0.32,1,0,0,4,0,0,0,0,1,0
demo-row-1168,missing_evidence,1,0.4258,0.4086,5.361344354674502,2.535323076923077,0.32,1,0,0,2,0,0,0,0,1,0
demo-row-1169,urgent_after_hours_request,1,0.4798,0.4771,5.48625474178367,2.225,0.25,0,0,0,1,0,1,0,0,1,0
demo-row-1170,normal_operating_request,0,0.4204,0.5208,4.699239183477885,0.2303076923076923,0.32,0,1,0,3,0,0,0,0,1,0
demo-row-1171,large_amount_or_unusual_frequency,1,0.2324,0.4895,5.384378506779272,1.5506631578947367,0.25,0,0,1,4,0,0,0,0,1,0
demo-row-1172,missing_evidence,1,0.4904,0.5333,6.383062055564843,1.8421235294117646,0.36,1,0,0,1,0,0,0,1,1,0
demo-row-1173,urgent_after_hours_request,1,0.7372,0.4656,5.58806880189897,4.958738461538461,0.32,1,0,0,4,0,1,0,0,1,0
demo-row-1174,normal_operating_request,0,0.4367,0.4566,4.785429497717888,2.389611111111111,0.16,0,0,0,3,0,0,0,0,1,0
demo-row-1175,normal_operating_request,0,0.2908,0.4653,5.665891358434412,0.45490588235294116,0.36,1,0,0,4,0,0,0,0,1,1
demo-row-1176,normal_operating_request,0,0.2324,0.4418,5.130465645312933,0.42147368421052633,0.25,0,0,0,4,0,0,0,0,1,0
demo-row-1177,large_amount_or_unusual_frequency,1,0.7289,0.5774,5.612941657018256,3.3173473684210526,0.25,0,0,1,5,0,1,1,0,1,0
demo-row-1178,normal_operating_request,0,0.2732,0.4551,5.997012660481905,0.16840470588235293,0.36,1,0,0,1,0,0,0,0,1,1
demo-row-1179,normal_operating_request,0,0.2324,0.4555,5.176209949993712,0.07171428571428572,0.22,1,0,1,4,0,0,0,0,1,0
demo-row-1180,missing_evidence,1,0.2732,0.5978,6.273014474415313,1.2059482352941175,0.36,1,0,0,2,0,1,1,1,1,0
demo-row-1181,normal_operating_request,0,0.2173,0.4509,4.769842392494206,0.3804,0.25,0,0,0,2,0,0,0,0,1,0
demo-row-1182,large_amount_or_unusual_frequency,1,0.5121,0.4936,6.430986729443736,2.1737129411764706,0.36,1,0,0,4,0,0,0,0,1,1
demo-row-1183,normal_operating_request,0,0.4904,0.4668,6.387430050112375,1.8708529411764705,0.36,1,0,0,2,0,0,0,0,1,1
demo-row-1184,normal_operating_request,0,0.2173,0.4228,4.9163591830518065,0.41085,0.22,1,0,0,2,0,0,0,0,1,0
demo-row-1185,normal_operating_request,0,0.2732,0.5168,6.194550693445493,0.8413294117647059,0.36,1,0,1,2,0,0,0,0,1,1
demo-row-1186,normal_operating_request,0,0.2173,0.5334,4.117171827514267,0.27244444444444443,0.16,1,0,0,0,0,1,0,0,1,0
demo-row-1187,urgent_after_hours_request,1,0.8606,0.5488,5.772631911056432,3.2315857142857145,0.22,0,1,0,9,0,0,0,0,1,0
demo-row-1188,normal_operating_request,0,0.2173,0.4506,4.741348602475895,0.41974736842105265,0.25,0,0,0,2,0,0,0,0,1,0
demo-row-1189,normal_operating_request,0,0.2648,0.5091,5.5153651035341325,1.340107142857143,0.22,1,0,0,0,1,0,0,0,1,0
demo-row-1190,normal_operating_request,0,0.6551,0.51,5.094565454286546,5.907,0.16,0,0,0,2,0,1,0,0,1,0
demo-row-1191,large_amount_or_unusual_frequency,1,0.8656,0.6543,6.605038784047415,3.7382694117647057,0.36,0,1,1,9,0,1,0,1,1,0
demo-row-1192,urgent_after_hours_request,1,0.7201,0.4294,5.522994252250777,4.129553846153846,0.32,1,0,0,0,0,0,0,0,1,0
demo-row-1193,large_amount_or_unusual_frequency,1,0.4258,0.4086,5.345791158440342,2.4109538461538462,0.32,1,0,0,2,0,0,0,0,1,0
demo-row-1194,normal_operating_request,0,0.2173,0.4481,5.167707138478881,0.5487473684210527,0.25,1,0,1,2,0,0,0,0,1,0
demo-row-1195,missing_evidence,1,0.8552,0.6072,5.818824780479337,8,0.32,0,1,1,2,0,1,0,0,1,0
demo-row-1196,normal_operating_request,0,0.2173,0.4248,4.729796325992063,0.6165928571428572,0.22,1,0,0,1,0,0,0,0,1,0
demo-row-1197,missing_evidence,1,0.7114,0.4889,6.0315252030769875,6.680628571428572,0.22,1,0,0,1,0,1,0,0,1,0
demo-row-1198,normal_operating_request,0,0.2324,0.4585,4.609146011529596,1.2587222222222223,0.16,0,0,0,3,0,0,0,0,1,0
demo-row-1199,normal_operating_request,0,0.2401,0.4587,5.124628104989697,1.0498,0.32,1,0,1,3,0,0,0,0,1,0
demo-row-1200,urgent_after_hours_request,1,0.8552,0.5635,5.617656531965484,5.378846153846154,0.32,0,1,1,1,0,0,0,0,1,0
demo-row-1201,normal_operating_request,0,0.2173,0.4527,4.373978027456867,0.31427777777777777,0.16,1,0,0,2,0,0,0,0,1,0
demo-row-1202,normal_operating_request,0,0.2173,0.4786,4.627458031959776,0.5536,0.25,0,0,0,0,0,0,0,0,1,0
demo-row-1203,missing_evidence,1,0.7372,0.5623,5.9360908032033,8,0.32,1,0,1,8,0,0,0,0,1,0
demo-row-1204,normal_operating_request,0,0.2173,0.5006,5.183876008817729,0.6074947368421053,0.25,1,0,0,2,1,0,0,0,1,0
demo-row-1205,new_or_watchlisted_beneficiary,1,0.8656,0.5732,5.904680930142266,8,0.32,0,1,0,7,0,1,0,0,1,0
demo-row-1206,missing_evidence,1,0.7201,0.4512,5.619990224191521,5.413215384615385,0.32,1,0,0,0,0,0,0,0,1,0
demo-row-1207,normal_operating_request,0,0.2173,0.408,5.27006596719048,0.960378947368421,0.25,1,0,0,1,0,0,0,0,1,0
demo-row-1208,large_amount_or_unusual_frequency,1,0.2908,0.4673,6.28681695966662,1.2771823529411765,0.36,1,0,0,4,0,0,0,0,1,1
demo-row-1209,normal_operating_request,0,0.2732,0.4609,6.133803874892316,0.600975294117647,0.36,1,0,0,0,0,0,0,0,1,1
demo-row-1210,normal_operating_request,0,0.2324,0.5099,4.392503499681746,0.37155555555555553,0.16,0,0,0,3,0,1,0,0,1,0
demo-row-1211,large_amount_or_unusual_frequency,1,0.2246,0.4168,5.206699075903916,1.4761846153846154,0.32,1,0,0,1,0,0,0,0,1,0
demo-row-1212,normal_operating_request,0,0.2821,0.4104,5.4786544998441995,1.1504285714285714,0.22,1,0,0,3,0,0,0,0,1,0
demo-row-1213,normal_operating_request,0,0.3892,0.5505,4.380681472737826,0.8283928571428572,0.22,0,1,0,0,0,0,0,0,1,0
demo-row-1214,large_amount_or_unusual_frequency,1,0.2732,0.4625,6.253949028960188,1.1112023529411765,0.36,1,0,0,1,0,0,0,0,1,1
demo-row-1215,new_or_watchlisted_beneficiary,1,0.8656,0.5789,5.962425217296977,8,0.32,0,1,0,7,0,1,0,0,1,0
demo-row-1216,normal_operating_request,0,0.2173,0.4052,5.324514977288853,0.5079428571428571,0.22,1,0,0,2,0,0,0,0,1,0
demo-row-1217,normal_operating_request,0,0.3994,0.5367,4.827860161898507,0.035,0.32,0,1,0,0,0,0,0,0,1,0
demo-row-1218,new_or_watchlisted_beneficiary,1,0.7201,0.4349,5.576784634178961,4.805907692307692,0.32,1,0,0,0,0,0,0,0,1,0
demo-row-1219,urgent_after_hours_request,1,0.6745,0.5328,5.171708906046938,7.249611111111111,0.16,1,0,1,5,0,1,0,0,1,0
demo-row-1220,normal_operating_request,0,0.2732,0.5233,6.265866651254451,1.1699388235294117,0.36,1,0,1,1,0,0,0,0,1,1
demo-row-1221,normal_operating_request,0,0.2246,0.4615,5.22153942181147,1.5622615384615384,0.32,1,0,0,0,0,1,0,0,1,0
demo-row-1222,normal_operating_request,0,0.4798,0.4183,5.494361947964481,2.2857684210526314,0.25,1,0,0,0,0,0,0,0,1,0
demo-row-1223,new_or_watchlisted_beneficiary,1,0.4798,0.4506,5.522770158085897,2.5078842105263157,0.25,1,0,0,0,0,1,0,0,1,0
demo-row-1224,new_or_watchlisted_beneficiary,1,0.7372,0.415,5.5155188482939455,4.042015384615385,0.32,1,0,0,3,0,0,0,0,1,0
demo-row-1225,new_or_watchlisted_beneficiary,1,0.2324,0.4963,4.020402720983878,0.4177777777777778,0.16,1,0,0,4,0,0,0,0,1,0
demo-row-1226,urgent_after_hours_request,1,0.2732,0.6176,5.742589245771098,0.3496164705882353,0.36,1,0,1,2,1,0,0,1,1,0
demo-row-1227,missing_evidence,1,0.7372,0.5345,5.930783529875276,8,0.32,1,0,1,4,0,1,0,0,1,0
demo-row-1228,missing_evidence,1,0.8606,0.5145,5.925104178703951,5.0114,0.22,0,1,0,5,0,0,0,0,1,0
demo-row-1229,missing_evidence,1,0.7201,0.4632,5.444750341585967,3.2838615384615384,0.32,1,0,1,0,0,0,0,0,1,0
demo-row-1230,normal_operating_request,0,0.2173,0.4924,4.149403879508583,0.21638888888888888,0.16,1,0,0,0,0,0,0,0,1,0
demo-row-1231,normal_operating_request,0,0.2173,0.4915,4.933892035764211,0.09601052631578948,0.25,0,0,1,1,0,0,0,0,1,0
demo-row-1232,normal_operating_request,0,0.2324,0.4884,4.0876749600367575,0.32022222222222224,0.16,1,0,0,3,0,0,0,0,1,0
demo-row-1233,urgent_after_hours_request,1,0.8552,0.6508,6.7267201201094435,5.270484705882353,0.36,0,1,0,2,0,0,1,1,1,0
demo-row-1234,normal_operating_request,0,0.2246,0.474,5.298431671851296,0.7661105882352941,0.36,1,0,0,1,0,0,0,0,1,1
demo-row-1235,normal_operating_request,0,0.4798,0.405,5.597313365404785,1.8260785714285714,0.22,1,0,0,1,0,0,0,0,1,0
demo-row-1236,urgent_after_hours_request,1,0.4258,0.4061,5.31643795676204,2.1880307692307692,0.32,1,0,0,2,0,0,0,0,1,0
demo-row-1237,missing_evidence,1,0.5015,0.444,5.585696425401292,1.7514857142857143,0.22,1,0,1,4,0,0,0,0,1,0
demo-row-1238,missing_evidence,1,0.6551,0.5176,4.857211842316892,2.9988333333333332,0.16,0,0,1,0,0,0,0,0,1,0
demo-row-1239,normal_operating_request,0,0.2732,0.4558,6.189051586689531,0.8181611764705883,0.36,1,0,0,1,0,0,0,0,1,1
demo-row-1240,missing_evidence,1,0.4204,0.5625,5.086178243384784,0.8565317647058823,0.36,0,1,0,3,0,0,0,0,1,1
demo-row-1241,large_amount_or_unusual_frequency,1,0.5015,0.478,5.531425265586538,2.578494736842105,0.25,0,0,0,3,0,1,0,0,1,0
demo-row-1242,large_amount_or_unusual_frequency,1,0.6745,0.5022,5.051580815079889,5.256111111111111,0.16,1,0,1,4,0,0,0,0,1,0
demo-row-1243,large_amount_or_unusual_frequency,1,0.7372,0.6029,6.677589069638349,4.599768235294118,0.36,1,0,0,9,0,0,0,1,1,0
demo-row-1244,normal_operating_request,0,0.4904,0.4788,6.396731859704344,1.933004705882353,0.36,1,0,0,0,0,0,0,0,1,1
demo-row-1245,new_or_watchlisted_beneficiary,1,0.5015,0.4599,5.6634332949334905,2.290821428571429,0.22,1,0,0,4,0,1,0,0,1,0
demo-row-1246,normal_operating_request,0,0.5015,0.4427,5.488054096112534,2.2383894736842107,0.25,0,0,0,3,0,0,0,0,1,0
demo-row-1247,normal_operating_request,0,0.2173,0.4391,5.2226878639820615,0.7577684210526315,0.25,0,0,0,2,0,0,0,0,1,0
demo-row-1248,normal_operating_request,0,0.2821,0.4086,5.561419829032037,1.6019,0.22,1,0,0,3,0,0,0,0,1,0
demo-row-1249,normal_operating_request,0,0.2324,0.4517,4.932438248489283,0.09903157894736841,0.25,0,0,0,4,0,0,0,0,1,0
demo-row-1250,normal_operating_request,0,0.2908,0.4588,5.918314004165359,0.02524705882352941,0.36,1,0,0,3,0,0,0,0,1,1
demo-row-1251,normal_operating_request,0,0.2173,0.4661,4.48681288633463,0.7042222222222222,0.16,1,0,0,0,0,0,0,0,1,0
demo-row-1252,missing_evidence,1,0.7067,0.6346,6.395152990196274,1.9223611764705881,0.36,0,1,1,4,0,1,0,1,1,0
demo-row-1253,normal_operating_request,0,0.2173,0.4324,5.1793075754833025,0.5906736842105264,0.25,1,0,0,2,0,1,0,0,1,0
demo-row-1254,missing_evidence,1,0.4204,0.5138,5.045991512223247,0.7103076923076923,0.32,0,1,0,4,0,0,0,0,1,0
demo-row-1255,urgent_after_hours_request,1,0.5015,0.4159,5.6724100681010095,2.35955,0.22,1,0,0,4,0,0,0,0,1,0
demo-row-1256,new_or_watchlisted_beneficiary,1,0.2821,0.4456,5.5461081517041135,1.5117642857142857,0.22,1,0,1,4,0,0,0,0,1,0
demo-row-1257,normal_operating_request,0,0.2324,0.5463,4.619427274881493,1.3128333333333333,0.16,0,0,0,3,1,0,0,0,1,0
demo-row-1258,missing_evidence,1,0.2324,0.4447,5.383616119093906,1.5461894736842106,0.25,1,0,1,4,0,0,0,0,1,0
demo-row-1259,normal_operating_request,0,0.4798,0.4137,5.74379031926032,2.959692857142857,0.22,1,0,0,2,0,0,0,0,1,0
demo-row-1260,large_amount_or_unusual_frequency,1,0.63,0.5581,5.266532728271086,1.841953846153846,0.32,0,1,1,2,0,0,0,0,1,0
demo-row-1261,new_or_watchlisted_beneficiary,1,0.8498,0.5896,6.089386473182745,7.775221428571428,0.22,0,1,1,2,0,0,0,0,1,0
demo-row-1262,normal_operating_request,0,0.2173,0.4925,5.0388029006822865,0.151,0.25,1,0,0,1,0,0,1,0,1,0
demo-row-1263,normal_operating_request,0,0.4154,0.4553,4.684243752370627,1.685111111111111,0.16,0,0,0,2,0,0,0,0,1,0
demo-row-1264,missing_evidence,1,0.2324,0.5394,4.14903426716125,0.8516526315789473,0.25,0,0,1,4,0,0,0,0,1,0
demo-row-1265,normal_operating_request,0,0.2324,0.4449,4.9552017227205525,0.05054736842105263,0.25,0,0,0,3,0,0,0,0,1,0
demo-row-1266,large_amount_or_unusual_frequency,1,0.7289,0.5415,6.091481595621338,7.817657142857143,0.22,1,0,1,5,0,1,0,0,1,0
demo-row-1267,normal_operating_request,0,0.4258,0.4129,5.2381866612534855,1.6623846153846153,0.32,1,0,0,2,0,0,0,0,1,0
demo-row-1268,normal_operating_request,0,0.2246,0.4889,3.862667950228588,0.8878769230769231,0.32,1,0,0,1,0,0,0,0,1,0
demo-row-1269,normal_operating_request,0,0.2324,0.4219,4.930388618244322,0.10327368421052631,0.25,1,0,0,4,0,0,0,0,1,0
demo-row-1270,new_or_watchlisted_beneficiary,1,0.6745,0.4696,4.864730546032031,3.0686666666666667,0.16,0,0,0,4,0,0,0,0,1,0
demo-row-1271,normal_operating_request,0,0.4154,0.4539,4.831626654839962,2.7700555555555555,0.16,0,0,0,2,0,0,0,0,1,0
demo-row-1272,normal_operating_request,0,0.2173,0.4942,5.2555667605435135,0.8960105263157895,0.25,0,0,0,0,0,1,0,0,1,0
demo-row-1273,normal_operating_request,0,0.4798,0.4125,5.6647275099850525,2.300642857142857,0.22,1,0,0,2,0,0,0,0,1,0
demo-row-1274,normal_operating_request,0,0.2732,0.519,5.734164319132467,0.36211176470588236,0.36,1,0,0,1,0,0,0,1,1,0
demo-row-1275,new_or_watchlisted_beneficiary,1,0.8656,0.5643,5.907288795038169,8,0.32,0,1,0,9,0,0,0,0,1,0
demo-row-1276,normal_operating_request,0,0.2324,0.4244,4.856009504310077,0.48728571428571427,0.22,1,0,0,3,0,0,0,0,1,0
demo-row-1277,large_amount_or_unusual_frequency,1,0.6647,0.4209,5.4222220274374555,3.0673076923076925,0.32,1,0,0,0,0,0,0,0,1,0
demo-row-1278,missing_evidence,1,0.8656,0.5588,5.771527219259767,8,0.32,0,1,0,5,0,1,0,0,1,0
demo-row-1279,normal_operating_request,0,0.2173,0.5307,4.8444336819888285,0.26429473684210525,0.25,0,0,1,1,0,1,0,0,1,0
demo-row-1280,large_amount_or_unusual_frequency,1,0.4798,0.4574,5.7294709565872015,2.8312642857142856,0.22,1,0,1,1,0,0,0,0,1,0
demo-row-1281,missing_evidence,1,0.5015,0.4503,5.455596985456568,2.0051894736842106,0.25,1,0,0,6,0,0,0,0,1,0
demo-row-1282,normal_operating_request,0,0.2173,0.407,5.392436650232662,0.7632214285714286,0.22,1,0,0,2,0,0,0,0,1,0
demo-row-1283,missing_evidence,1,0.2401,0.4156,5.175465424292489,1.3043538461538462,0.32,1,0,0,4,0,0,0,0,1,0
demo-row-1284,urgent_after_hours_request,1,0.4258,0.4072,5.325293944185928,2.2537076923076924,0.32,1,0,0,2,0,0,0,0,1,0
demo-row-1285,normal_operating_request,0,0.3994,0.5219,4.912466510929526,0.25761538461538463,0.32,0,1,0,1,0,0,0,0,1,0
demo-row-1286,new_or_watchlisted_beneficiary,1,0.2908,0.5477,6.333406160683301,1.5350529411764706,0.36,1,0,0,4,1,0,0,0,1,1
demo-row-1287,normal_operating_request,0,0.2732,0.4707,6.210515152104291,0.9102752941176471,0.36,1,0,0,0,0,0,0,0,1,1
demo-row-1288,normal_operating_request,0,0.2324,0.519,4.133315316898848,0.24488888888888888,0.16,1,0,0,3,0,1,0,0,1,0
demo-row-1289,new_or_watchlisted_beneficiary,1,0.5015,0.5571,5.522933028697932,2.5092,0.25,0,0,1,8,0,1,0,0,1,0
demo-row-1290,normal_operating_request,0,0.2324,0.4759,4.237719631996254,0.03966666666666667,0.16,1,0,0,3,0,0,0,0,1,0
demo-row-1291,normal_operating_request,0,0.2732,0.5561,6.140851697313942,0.6271682352941177,0.36,1,0,0,0,0,1,0,1,1,0
demo-row-1292,large_amount_or_unusual_frequency,1,0.8606,0.5419,6.125971562677634,8,0.22,0,1,0,4,0,0,0,0,1,0
demo-row-1293,missing_evidence,1,0.7114,0.5152,5.753219079464171,3.0466,0.22,1,0,0,1,1,0,0,0,1,0
demo-row-1294,normal_operating_request,0,0.2324,0.4181,5.089219585886864,0.29268421052631577,0.25,1,0,0,3,0,0,0,0,1,0
demo-row-1295,normal_operating_request,0,0.2908,0.4658,6.200214726863172,0.8655011764705882,0.36,1,0,0,4,0,0,0,0,1,1
demo-row-1296,normal_operating_request,0,0.2732,0.4626,5.61865254867461,0.5110858823529412,0.36,1,0,0,1,0,0,0,0,1,1
demo-row-1297,missing_evidence,1,0.6792,0.5256,5.666742557556474,2.315992857142857,0.22,0,1,0,0,0,0,0,0,1,0
demo-row-1298,normal_operating_request,0,0.4154,0.4519,4.738344460104493,2.041333333333333,0.16,0,0,0,2,0,0,0,0,1,0
demo-row-1299,new_or_watchlisted_beneficiary,1,0.4367,0.4424,4.794020737060991,2.457333333333333,0.16,1,0,0,4,0,0,0,0,1,0
demo-row-1300,normal_operating_request,0,0.2324,0.4886,4.585178628503517,1.1374444444444445,0.16,1,0,1,3,0,0,0,0,1,0
demo-row-1301,new_or_watchlisted_beneficiary,1,0.7372,0.4195,5.531195255675132,4.227338461538461,0.32,1,0,0,3,0,0,0,0,1,0
demo-row-1302,new_or_watchlisted_beneficiary,1,0.7201,0.4237,5.535879958975421,4.284030769230769,0.32,1,0,0,1,0,0,0,0,1,0
demo-row-1303,urgent_after_hours_request,1,0.4849,0.5578,6.067598982241344,0.37461058823529414,0.36,0,1,0,4,0,0,0,1,1,0
demo-row-1304,new_or_watchlisted_beneficiary,1,0.7372,0.4612,5.523954462257064,4.140907692307692,0.32,1,0,0,4,0,1,0,0,1,0
demo-row-1305,normal_operating_request,0,0.4258,0.4239,5.234578019752476,1.640353846153846,0.32,1,0,0,0,0,0,0,0,1,0
demo-row-1306,normal_operating_request,0,0.4258,0.4065,5.307739858969554,2.1248153846153848,0.32,1,0,0,2,0,0,0,0,1,0
demo-row-1307,normal_operating_request,0,0.2246,0.4885,4.903599983443906,0.2322,0.32,1,0,1,0,0,0,0,0,1,0
demo-row-1308,normal_operating_request,0,0.4258,0.4065,5.250422442158681,1.7384615384615385,0.32,1,0,0,2,0,0,0,0,1,0
demo-row-1309,normal_operating_request,0,0.2732,0.4565,6.192882606649375,0.8342705882352941,0.36,1,0,0,2,0,0,0,0,1,1
demo-row-1310,normal_operating_request,0,0.4154,0.4465,4.817386855691993,2.6484444444444444,0.16,1,0,0,1,0,0,0,0,1,0
demo-row-1311,missing_evidence,1,0.7372,0.4943,5.539872411636546,4.332830769230769,0.32,1,0,0,3,0,0,1,0,1,0
demo-row-1312,normal_operating_request,0,0.4154,0.4519,4.7377252414570465,2.037,0.16,0,0,0,2,0,0,0,0,1,0
demo-row-1313,normal_operating_request,0,0.2324,0.5011,3.8392265740134355,0.6163888888888889,0.16,1,0,0,4,0,0,0,0,1,0
demo-row-1314,new_or_watchlisted_beneficiary,1,0.4904,0.5843,6.401208512598838,1.9633941176470588,0.36,1,0,1,0,0,0,1,0,1,1
demo-row-1315,normal_operating_request,0,0.2732,0.5561,6.136735466054602,0.6118188235294117,0.36,1,0,0,0,0,1,0,1,1,0
demo-row-1316,normal_operating_request,0,0.2908,0.4586,6.121257078425182,0.5553847058823529,0.36,1,0,0,3,0,0,0,0,1,1
demo-row-1317,missing_evidence,1,0.7372,0.4263,5.584501968056238,4.91,0.32,1,0,0,4,0,0,0,0,1,0
demo-row-1318,normal_operating_request,0,0.2246,0.5419,5.149834696715785,0.8338835294117647,0.36,1,0,0,0,0,0,0,1,1,0
demo-row-1319,normal_operating_request,0,0.2908,0.4666,6.310686091739383,1.4058411764705883,0.36,1,0,0,3,0,0,0,0,1,1
demo-row-1320,normal_operating_request,0,0.2173,0.4321,4.614274843732155,0.5669473684210526,0.25,1,0,0,1,0,0,0,0,1,0
demo-row-1321,normal_operating_request,0,0.2173,0.4569,4.642157734714228,0.5382315789473684,0.25,0,0,0,2,0,0,0,0,1,0
demo-row-1322,large_amount_or_unusual_frequency,1,0.2732,0.5286,6.273153653737579,1.2066552941176472,0.36,1,0,0,2,0,0,1,0,1,1
demo-row-1323,missing_evidence,1,0.4798,0.4448,5.641463203428095,2.128485714285714,0.22,1,0,1,2,0,0,0,0,1,0
demo-row-1324,normal_operating_request,0,0.2648,0.4154,5.555581697920445,1.567157142857143,0.22,1,0,0,0,0,0,0,0,1,0
demo-row-1325,missing_evidence,1,0.7201,0.4192,5.523945364539757,4.1408,0.32,1,0,0,1,0,0,0,0,1,0
demo-row-1326,new_or_watchlisted_beneficiary,1,0.6745,0.5165,5.048037620662317,5.205277777777778,0.16,0,0,0,7,0,0,0,0,1,0
demo-row-1327,missing_evidence,1,0.7289,0.5475,5.623979738154581,3.4284842105263156,0.25,1,0,1,3,1,0,0,0,1,0
demo-row-1328,missing_evidence,1,0.8656,0.5907,5.92929883946249,8,0.32,0,1,0,9,0,1,0,0,1,0
demo-row-1329,normal_operating_request,0,0.2324,0.4467,5.321362269123648,1.206157894736842,0.25,0,0,0,4,0,0,0,0,1,0
demo-row-1330,missing_evidence,1,0.2908,0.4665,6.269312562155557,1.1872247058823528,0.36,1,0,0,4,0,0,0,0,1,1
demo-row-1331,large_amount_or_unusual_frequency,1,0.7289,0.5036,5.781409236849876,3.317978571428571,0.22,1,0,0,4,0,0,1,0,1,0
demo-row-1332,normal_operating_request,0,0.2173,0.5013,4.553834499409687,0.9886111111111111,0.16,0,0,0,2,0,1,0,0,1,0
demo-row-1333,normal_operating_request,0,0.2401,0.4937,3.9097164532343447,0.8750461538461538,0.32,1,0,0,3,0,0,0,0,1,0
demo-row-1334,normal_operating_request,0,0.2908,0.4645,5.745362923793042,0.3454494117647059,0.36,1,0,0,4,0,0,0,0,1,1
demo-row-1335,urgent_after_hours_request,1,0.4154,0.5652,4.77927173112993,2.3418888888888887,0.16,0,0,0,0,1,0,0,0,1,0
demo-row-1336,normal_operating_request,0,0.2324,0.4532,5.168671284389035,0.5521894736842106,0.25,1,0,1,4,0,0,0,0,1,0
demo-row-1337,large_amount_or_unusual_frequency,1,0.3994,0.6055,4.422130025640288,0.5933692307692308,0.32,0,1,1,2,0,1,0,0,1,0
demo-row-1338,normal_operating_request,0,0.2173,0.4069,5.402761607901822,0.8056428571428571,0.22,1,0,0,1,0,0,0,0,1,0
demo-row-1339,normal_operating_request,0,0.2173,0.4176,5.17253287806318,0.5660526315789474,0.25,1,0,0,0,0,0,0,0,1,0
demo-row-1340,normal_operating_request,0,0.2324,0.4479,4.393838332318475,0.7393263157894737,0.25,1,0,0,4,0,0,0,0,1,0
demo-row-1341,normal_operating_request,0,0.2324,0.4394,5.130889952537364,0.42286315789473683,0.25,0,0,0,3,0,0,0,0,1,0
demo-row-1342,normal_operating_request,0,0.2173,0.4282,5.013477652867031,0.0858,0.25,1,0,0,0,0,0,0,0,1,0
demo-row-1343,normal_operating_request,0,0.2173,0.4191,4.912981540298024,0.13850526315789474,0.25,1,0,0,2,0,0,0,0,1,0
demo-row-1344,large_amount_or_unusual_frequency,1,0.7201,0.4192,5.523263793742027,4.1327384615384615,0.32,1,0,0,1,0,0,0,0,1,0
demo-row-1345,normal_operating_request,0,0.4258,0.4167,5.25231164524517,1.7504,0.32,1,0,0,0,0,0,0,0,1,0
demo-row-1346,new_or_watchlisted_beneficiary,1,0.7201,0.429,5.585013796722258,4.916969230769231,0.32,1,0,0,1,0,0,0,0,1,0
demo-row-1347,large_amount_or_unusual_frequency,1,0.5015,0.4146,5.68405321872238,2.4508357142857142,0.22,1,0,0,4,0,0,0,0,1,0
demo-row-1348,normal_operating_request,0,0.2324,0.4963,3.998825819040286,0.446,0.16,1,0,0,4,0,0,0,0,1,0
demo-row-1349,missing_evidence,1,0.6745,0.5764,5.123397516906129,6.381111111111111,0.16,0,0,1,9,0,0,0,0,1,0
demo-row-1350,normal_operating_request,0,0.2908,0.4627,6.243766803472954,1.06228,0.36,1,0,0,3,0,0,0,0,1,1
demo-row-1351,normal_operating_request,0,0.4154,0.4616,5.41063891175001,1.7096526315789473,0.25,0,0,0,0,0,0,0,0,1,0
demo-row-1352,normal_operating_request,0,0.5015,0.4081,5.513945698234792,2.437326315789474,0.25,1,0,0,3,0,0,0,0,1,0
demo-row-1353,normal_operating_request,0,0.2324,0.431,4.882063246491634,0.45558571428571426,0.22,1,0,0,4,0,0,0,0,1,0
demo-row-1354,large_amount_or_unusual_frequency,1,0.6745,0.63,5.004450352989224,4.612722222222223,0.16,0,0,0,9,1,0,0,0,1,0
demo-row-1355,normal_operating_request,0,0.5015,0.442,5.459086262532358,2.0294315789473685,0.25,0,0,0,3,0,0,0,0,1,0
demo-row-1356,normal_operating_request,0,0.7114,0.4231,5.726773650793742,4.6111157894736845,0.25,1,0,0,2,0,0,0,0,1,0
demo-row-1357,urgent_after_hours_request,1,0.5015,0.455,5.5405321816729725,2.654326315789474,0.25,0,0,0,4,0,0,0,0,1,0
demo-row-1358,missing_evidence,1,0.4472,0.4073,5.304863051219409,2.1041846153846153,0.32,1,0,0,4,0,0,0,0,1,0
demo-row-1359,normal_operating_request,0,0.2324,0.431,4.764885672524611,0.3874315789473684,0.25,1,0,0,4,0,0,0,0,1,0
demo-row-1360,normal_operating_request,0,0.4154,0.4516,4.713364520609554,1.8713333333333333,0.16,0,0,0,2,0,0,0,0,1,0
demo-row-1361,large_amount_or_unusual_frequency,1,0.8656,0.6011,6.578007821036076,3.452344705882353,0.36,0,1,0,8,0,0,0,1,1,0
demo-row-1362,normal_operating_request,0,0.4154,0.4346,4.768230990620765,2.258,0.16,1,0,0,2,0,0,0,0,1,0
demo-row-1363,missing_evidence,1,0.6884,0.5912,6.431433567365748,2.17698,0.36,0,1,0,1,0,0,0,1,1,0
demo-row-1364,large_amount_or_unusual_frequency,1,0.2732,0.5253,6.320110959285818,1.4586223529411764,0.36,1,0,1,2,0,0,0,0,1,1
demo-row-1365,normal_operating_request,0,0.2324,0.511,3.8963057074660807,0.5625,0.16,0,0,0,4,0,0,0,0,1,0
demo-row-1366,missing_evidence,1,0.63,0.5108,5.339240702701722,2.3598923076923075,0.32,0,1,0,1,0,0,0,0,1,0
demo-row-1367,new_or_watchlisted_beneficiary,1,0.7114,0.487,6.070326807306957,7.398435714285714,0.22,1,0,0,2,0,1,0,0,1,0
demo-row-1368,normal_operating_request,0,0.2173,0.45,5.372853111590004,1.4838631578947368,0.25,1,0,1,0,0,0,0,0,1,0
demo-row-1369,normal_operating_request,0,0.2173,0.541,3.9315595670908055,0.5255,0.16,1,0,1,1,0,0,0,0,1,0
demo-row-1370,new_or_watchlisted_beneficiary,1,0.5121,0.4936,6.43063820833482,2.1711670588235292,0.36,1,0,0,4,0,0,0,0,1,1
demo-row-1371,normal_operating_request,0,0.2173,0.4425,5.194320045303423,0.646621052631579,0.25,0,0,0,1,0,0,0,0,1,0
demo-row-1372,new_or_watchlisted_beneficiary,1,0.6745,0.5544,5.0518275667430155,5.259666666666667,0.16,0,0,0,6,0,0,1,0,1,0
demo-row-1373,urgent_after_hours_request,1,0.8606,0.502,5.759543203171489,3.1059571428571426,0.22,0,1,0,3,0,0,0,0,1,0
demo-row-1374,normal_operating_request,0,0.4258,0.4099,5.275608462376799,1.9019692307692309,0.32,1,0,0,1,0,0,0,0,1,0
demo-row-1375,missing_evidence,1,0.4258,0.4458,5.364190653504613,2.5585692307692307,0.32,1,0,0,2,0,1,0,0,1,0
demo-row-1376,normal_operating_request,0,0.2821,0.4082,5.482796432341751,1.1710357142857142,0.22,1,0,0,3,0,0,0,0,1,0
demo-row-1377,normal_operating_request,0,0.4367,0.4378,4.791964189429104,2.441,0.16,1,0,0,3,0,0,0,0,1,0
demo-row-1378,missing_evidence,1,0.4632,0.5903,6.134104400212049,0.6020835294117647,0.36,0,1,0,0,0,1,0,0,1,1
demo-row-1379,normal_operating_request,0,0.2324,0.4147,5.400047296253149,0.7943928571428571,0.22,1,0,0,4,0,0,0,0,1,0
demo-row-1380,normal_operating_request,0,0.2173,0.4082,5.261562607002821,0.3044642857142857,0.22,1,0,0,1,0,0,0,0,1,0
demo-row-1381,normal_operating_request,0,0.2173,0.4295,5.075882588749382,0.14935,0.22,1,0,0,0,0,0,0,0,1,0
demo-row-1382,normal_operating_request,0,0.2173,0.4632,5.120781158669591,0.3901263157894737,0.25,1,0,1,0,0,0,0,0,1,0
demo-row-1383,missing_evidence,1,0.2908,0.5104,6.202533814788754,0.8754894117647058,0.36,1,0,0,4,0,1,0,0,1,1
demo-row-1384,large_amount_or_unusual_frequency,1,0.5015,0.4555,5.714854285232186,2.7044642857142858,0.22,1,0,1,4,0,0,0,0,1,0
demo-row-1385,missing_evidence,1,0.7201,0.4294,5.5087532052851556,3.9640769230769233,0.32,1,0,0,0,0,0,0,0,1,0
demo-row-1386,new_or_watchlisted_beneficiary,1,0.65,0.505,5.309453433225091,2.137169230769231,0.32,0,1,0,3,0,0,0,0,1,0
demo-row-1387,new_or_watchlisted_beneficiary,1,0.3892,0.5863,4.973852612704946,0.32745714285714284,0.22,0,1,0,1,1,0,0,0,1,0
demo-row-1388,urgent_after_hours_request,1,0.7372,0.4238,5.562524822840151,4.618369230769231,0.32,1,0,0,4,0,0,0,0,1,0
demo-row-1389,new_or_watchlisted_beneficiary,1,0.8656,0.5937,6.710582987256751,5.041767058823529,0.36,0,1,0,8,0,0,0,0,1,1
demo-row-1390,normal_operating_request,0,0.2401,0.4302,4.919914480659432,0.27936923076923076,0.32,1,0,0,4,0,0,0,0,1,0
demo-row-1391,normal_operating_request,0,0.2324,0.5032,4.642948997739193,1.4415555555555555,0.16,0,0,0,3,0,1,0,0,1,0
demo-row-1392,normal_operating_request,0,0.2246,0.4732,5.402672262806027,0.7026611764705882,0.36,1,0,0,1,0,0,0,0,1,1
demo-row-1393,normal_operating_request,0,0.2173,0.4924,4.6209164585654285,1.3207777777777778,0.16,1,0,1,1,0,0,0,0,1,0
demo-row-1394,urgent_after_hours_request,1,0.2246,0.4133,5.191193827050971,1.3893384615384616,0.32,1,0,0,2,0,0,0,0,1,0
demo-row-1395,missing_evidence,1,0.7372,0.5733,6.784458236138054,6.162081176470588,0.36,1,0,0,4,0,0,0,1,1,0
demo-row-1396,normal_operating_request,0,0.2732,0.4609,6.1320998423106925,0.5947058823529412,0.36,1,0,0,0,0,0,0,0,1,1
demo-row-1397,missing_evidence,1,0.4632,0.5672,6.0768995597097195,0.4043658823529412,0.36,0,1,0,2,0,0,0,1,1,0
demo-row-1398,normal_operating_request,0,0.4798,0.4123,5.692270413901712,2.51675,0.22,1,0,0,1,0,0,0,0,1,0
demo-row-1399,normal_operating_request,0,0.4101,0.5288,4.315508530990187,0.8523071428571428,0.22,0,1,0,3,0,0,0,0,1,0
demo-row-1400,normal_operating_request,0,0.2173,0.4819,4.62612470664821,1.3487777777777779,0.16,0,0,0,0,0,0,0,0,1,0
demo-row-1401,normal_operating_request,0,0.2648,0.4168,5.456028792522279,1.0412642857142858,0.22,1,0,0,0,0,0,0,0,1,0
demo-row-1402,normal_operating_request,0,0.3892,0.5159,5.236590159567008,0.23157142857142857,0.22,0,1,0,1,0,0,0,0,1,0
demo-row-1403,normal_operating_request,0,0.2246,0.4771,4.525420600820462,0.4841846153846154,0.32,1,0,0,2,0,1,0,0,1,0
demo-row-1404,normal_operating_request,0,0.7114,0.4265,5.804826124385853,3.5571928571428573,0.22,1,0,0,1,0,0,0,0,1,0
demo-row-1405,urgent_after_hours_request,1,0.2908,0.4665,6.2652834957108725,1.1670270588235294,0.36,1,0,0,4,0,0,0,0,1,1
demo-row-1406,normal_operating_request,0,0.2173,0.4165,5.414364909689909,0.8545357142857143,0.22,1,0,0,0,0,0,0,0,1,0
demo-row-1407,normal_operating_request,0,0.4904,0.4711,6.352897646313619,1.65142,0.36,1,0,0,1,0,0,0,0,1,1
demo-row-1408,large_amount_or_unusual_frequency,1,0.7201,0.4251,5.542691011306271,4.367553846153847,0.32,1,0,0,1,0,0,0,0,1,0
demo-row-1409,large_amount_or_unusual_frequency,1,0.7114,0.5298,6.00173587562474,6.171457142857143,0.22,1,0,1,1,0,1,0,0,1,0
demo-row-1410,normal_operating_request,0,0.4904,0.4858,6.407281594687392,2.005124705882353,0.36,1,0,0,1,0,0,0,0,1,1
demo-row-1411,normal_operating_request,0,0.2732,0.5102,6.2419275661318006,1.053564705882353,0.36,1,0,0,1,0,1,0,0,1,1
demo-row-1412,normal_operating_request,0,0.2908,0.5218,6.145307064052107,0.6439470588235294,0.36,1,0,0,3,0,0,0,1,1,0
demo-row-1413,normal_operating_request,0,0.2246,0.4719,5.104487111312395,0.9569076923076923,0.32,1,0,1,0,0,0,0,0,1,0
demo-row-1414,urgent_after_hours_request,1,0.7372,0.4633,5.5451672783526265,4.398246153846154,0.32,1,0,0,4,0,1,0,0,1,0
demo-row-1415,normal_operating_request,0,0.2173,0.5399,3.575303333422399,0.7911111111111111,0.16,1,0,0,1,0,1,0,0,1,0
demo-row-1416,normal_operating_request,0,0.2732,0.4628,6.276041553123336,1.2213776470588236,0.36,1,0,0,1,0,0,0,0,1,1
demo-row-1417,missing_evidence,1,0.4526,0.5253,5.530928035684225,1.4254857142857142,0.22,0,1,0,0,0,0,0,0,1,0
demo-row-1418,urgent_after_hours_request,1,0.4904,0.5244,6.416930439382072,2.0726376470588237,0.36,1,0,0,1,0,1,0,0,1,1
demo-row-1419,urgent_after_hours_request,1,0.4798,0.494,5.453362684754741,1.9897684210526316,0.25,0,0,0,0,0,1,0,0,1,0
demo-row-1420,normal_operating_request,0,0.2401,0.4187,5.032904704805438,0.6595384615384615,0.32,1,0,0,3,0,0,0,0,1,0
demo-row-1421,urgent_after_hours_request,1,0.7372,0.602,6.555065534974868,3.2232470588235294,0.36,1,0,0,9,0,1,0,1,1,0
demo-row-1422,urgent_after_hours_request,1,0.2908,0.4665,6.264461035753104,1.1629270588235294,0.36,1,0,0,4,0,0,0,0,1,1
demo-row-1423,normal_operating_request,0,0.4904,0.4688,6.386638416787751,1.865624705882353,0.36,1,0,0,1,0,0,0,0,1,1
demo-row-1424,normal_operating_request,0,0.2173,0.5056,4.0751087964165,0.3396111111111111,0.16,0,0,0,1,0,0,0,0,1,0
demo-row-1425,normal_operating_request,0,0.4798,0.4205,5.667154915293909,2.319142857142857,0.22,1,0,0,0,0,0,0,0,1,0
demo-row-1426,urgent_after_hours_request,1,0.5015,0.4098,5.511741691058887,2.4199263157894735,0.25,1,0,0,4,0,0,0,0,1,0
demo-row-1427,normal_operating_request,0,0.2401,0.4172,5.067758781177132,0.7982153846153847,0.32,1,0,0,3,0,0,0,0,1,0
demo-row-1428,normal_operating_request,0,0.4154,0.4858,4.747411807886423,2.1055,0.16,1,0,1,1,0,0,0,0,1,0
demo-row-1429,normal_operating_request,0,0.4154,0.4143,5.428717783203831,1.8248315789473684,0.25,1,0,0,0,0,0,0,0,1,0
demo-row-1430,normal_operating_request,0,0.6551,0.51,5.067472587955113,5.489277777777778,0.16,0,0,0,2,0,1,0,0,1,0
demo-row-1431,normal_operating_request,0,0.2732,0.521,5.468084310585946,0.6543282352941177,0.36,1,0,0,2,0,0,0,1,1,0
demo-row-1432,urgent_after_hours_request,1,0.4154,0.4671,4.816778034644581,2.6433333333333335,0.16,0,0,0,1,0,0,0,0,1,0
demo-row-1433,normal_operating_request,0,0.2648,0.4494,5.452022701105254,1.0225214285714286,0.22,1,0,1,0,0,0,0,0,1,0
demo-row-1434,normal_operating_request,0,0.7114,0.4267,5.79659930789383,3.4716785714285714,0.22,1,0,0,2,0,0,0,0,1,0
demo-row-1435,normal_operating_request,0,0.2732,0.517,5.92337148970948,0.013829411764705882,0.36,1,0,1,2,0,0,0,0,1,1
demo-row-1436,large_amount_or_unusual_frequency,1,0.6745,0.5989,5.198007908980915,7.764611111111111,0.16,0,0,1,9,0,1,0,0,1,0
demo-row-1437,urgent_after_hours_request,1,0.4632,0.58,5.855791639927645,0.15594235294117648,0.36,0,1,0,2,0,1,0,0,1,1
demo-row-1438,normal_operating_request,0,0.2821,0.4165,5.506239774721532,1.29145,0.22,1,0,0,4,0,0,0,0,1,0
demo-row-1439,urgent_after_hours_request,1,0.7372,0.653,6.64122486501553,4.149983529411765,0.36,1,0,0,7,1,1,0,1,1,0
demo-row-1440,new_or_watchlisted_beneficiary,1,0.8656,0.5591,5.952331759492201,8,0.32,0,1,0,3,0,1,0,0,1,0
demo-row-1441,large_amount_or_unusual_frequency,1,0.7289,0.5052,6.01128702367627,6.330921428571428,0.22,1,0,0,6,0,0,0,0,1,0
demo-row-1442,new_or_watchlisted_beneficiary,1,0.2648,0.4088,5.499618359700007,1.2567785714285715,0.22,1,0,0,2,0,0,0,0,1,0
demo-row-1443,normal_operating_request,0,0.2246,0.413,5.148111945705649,1.1636923076923076,0.32,1,0,0,2,0,0,0,0,1,0
demo-row-1444,normal_operating_request,0,0.2324,0.5144,3.587935348636356,0.7849444444444444,0.16,0,0,0,3,0,0,0,0,1,0
demo-row-1445,new_or_watchlisted_beneficiary,1,0.6745,0.5088,5.1659206218476035,7.1403888888888885,0.16,1,0,0,4,0,1,0,0,1,0
demo-row-1446,new_or_watchlisted_beneficiary,1,0.7372,0.419,5.504300917478788,3.913446153846154,0.32,1,0,0,4,0,0,0,0,1,0
demo-row-1447,new_or_watchlisted_beneficiary,1,0.7067,0.5542,6.371998103543279,1.7706329411764705,0.36,0,1,0,4,0,0,0,0,1,1
demo-row-1448,urgent_after_hours_request,1,0.2324,0.5108,4.007790437445979,0.43444444444444447,0.16,0,0,0,4,0,0,0,0,1,0
demo-row-1449,normal_operating_request,0,0.4904,0.486,6.403249073913494,1.9773505882352942,0.36,1,0,0,0,0,0,0,0,1,1
demo-row-1450,normal_operating_request,0,0.2246,0.4528,4.614528119747539,0.3667076923076923,0.32,1,0,0,0,0,0,0,0,1,0
demo-row-1451,normal_operating_request,0,0.2173,0.5075,4.568647527350753,1.057611111111111,0.16,0,0,0,1,0,1,0,0,1,0
demo-row-1452,new_or_watchlisted_beneficiary,1,0.7201,0.5419,5.907797646521305,8,0.32,1,0,1,1,0,1,0,0,1,0
demo-row-1453,missing_evidence,1,0.4904,0.4912,6.440369813119672,2.2430282352941178,0.36,1,0,0,2,0,0,0,0,1,1
demo-row-1454,normal_operating_request,0,0.2324,0.4545,4.680063427481948,0.49611578947368423,0.25,0,0,0,3,0,0,0,0,1,0
demo-row-1455,normal_operating_request,0,0.2648,0.4569,5.462420460825708,1.0715285714285714,0.22,1,0,0,0,0,1,0,0,1,0
demo-row-1456,normal_operating_request,0,0.2173,0.4409,4.644409044620594,0.6850285714285714,0.22,1,0,0,0,0,0,0,0,1,0
demo-row-1457,normal_operating_request,0,0.2732,0.4677,5.796945336914036,0.26290117647058825,0.36,1,0,0,0,0,0,0,0,1,1
demo-row-1458,large_amount_or_unusual_frequency,1,0.3994,0.5319,4.967313918287084,0.4269076923076923,0.32,0,1,0,0,0,0,0,0,1,0
demo-row-1459,normal_operating_request,0,0.2908,0.4587,6.19816754267971,0.8567282352941177,0.36,1,0,0,3,0,0,0,0,1,1
demo-row-1460,normal_operating_request,0,0.4367,0.4366,4.764116328688514,2.2272777777777777,0.16,1,0,0,3,0,0,0,0,1,0
demo-row-1461,normal_operating_request,0,0.2173,0.5143,4.407050814804251,0.4182777777777778,0.16,0,0,1,2,0,0,0,0,1,0
demo-row-1462,normal_operating_request,0,0.2173,0.4292,4.780763621007031,0.36462105263157896,0.25,1,0,0,1,0,0,0,0,1,0
demo-row-1463,missing_evidence,1,0.2908,0.5216,6.185152446519629,0.8019105882352942,0.36,1,0,0,4,0,0,0,1,1,0
demo-row-1464,new_or_watchlisted_beneficiary,1,0.8498,0.6209,5.976372449836518,5.764628571428571,0.22,0,1,1,2,1,0,0,0,1,0
demo-row-1465,normal_operating_request,0,0.4798,0.4173,5.62808430616826,2.0335785714285715,0.22,1,0,0,0,0,0,0,0,1,0
demo-row-1466,normal_operating_request,0,0.2173,0.4963,4.251370505496703,0.009,0.16,0,0,0,1,0,0,0,0,1,0
demo-row-1467,missing_evidence,1,0.4472,0.4082,5.2720761086829135,1.8784615384615384,0.32,1,0,0,4,0,0,0,0,1,0
demo-row-1468,normal_operating_request,0,0.2324,0.4663,4.762445977642028,0.5866571428571429,0.22,1,0,0,4,0,1,0,0,1,0
demo-row-1469,normal_operating_request,0,0.2324,0.471,4.530314982320532,0.8837777777777778,0.16,0,0,0,4,0,0,0,0,1,0
demo-row-1470,normal_operating_request,0,0.5121,0.4821,6.40443018247622,1.9854588235294117,0.36,1,0,0,3,0,0,0,0,1,1
demo-row-1471,normal_operating_request,0,0.2732,0.4615,5.742775390325646,0.34933764705882353,0.36,1,0,0,2,0,0,0,0,1,1
demo-row-1472,normal_operating_request,0,0.2173,0.5402,4.154880244718762,0.20644444444444446,0.16,0,0,1,2,0,0,0,0,1,0
demo-row-1473,normal_operating_request,0,0.2173,0.4526,4.657208881217357,1.5230555555555556,0.16,1,0,0,0,0,0,0,0,1,0
demo-row-1474,normal_operating_request,0,0.2648,0.4168,5.439332693830263,0.9642785714285714,0.22,1,0,0,0,0,0,0,0,1,0
demo-row-1475,new_or_watchlisted_beneficiary,1,0.5015,0.4159,5.6748795037526305,2.378707142857143,0.22,1,0,0,4,0,0,0,0,1,0
demo-row-1476,normal_operating_request,0,0.2173,0.4411,4.538108528260863,0.9178888888888889,0.16,1,0,0,2,0,0,0,0,1,0
demo-row-1477,normal_operating_request,0,0.2246,0.4522,4.333245698961963,0.6686307692307693,0.32,1,0,0,1,0,0,0,0,1,0
demo-row-1478,normal_operating_request,0,0.2246,0.4218,5.058524716533763,0.7603846153846154,0.32,1,0,0,1,0,0,0,0,1,0
demo-row-1479,urgent_after_hours_request,1,0.7289,0.4786,5.851251620160895,6.473557894736842,0.25,0,0,0,4,0,0,0,0,1,0
demo-row-1480,urgent_after_hours_request,1,0.7289,0.5042,5.583366562918332,3.033126315789474,0.25,1,0,0,4,1,0,0,0,1,0
demo-row-1481,normal_operating_request,0,0.2648,0.453,5.437193865432021,0.9546285714285714,0.22,1,0,0,0,0,1,0,0,1,0
demo-row-1482,normal_operating_request,0,0.2324,0.4511,5.033966284579244,0.13825263157894738,0.25,0,0,0,4,0,0,0,0,1,0
demo-row-1483,normal_operating_request,0,0.2821,0.4153,5.547820223953691,1.5216857142857143,0.22,1,0,0,4,0,0,0,0,1,0
demo-row-1484,normal_operating_request,0,0.3892,0.5302,5.224522703639803,0.19782142857142856,0.22,0,1,0,0,0,0,0,0,1,0
demo-row-1485,normal_operating_request,0,0.2173,0.5195,4.0277979433503,0.4077777777777778,0.16,0,0,0,0,0,0,0,0,1,0
demo-row-1486,normal_operating_request,0,0.2732,0.4621,6.267446772713196,1.1778482352941178,0.36,1,0,0,1,0,0,0,0,1,1
demo-row-1487,new_or_watchlisted_beneficiary,1,0.4798,0.4108,5.682885724648142,2.4415714285714287,0.22,1,0,0,2,0,0,0,0,1,0
demo-row-1488,normal_operating_request,0,0.4154,0.4399,5.420033353117115,1.7689052631578948,0.25,0,0,0,2,0,0,0,0,1,0
demo-row-1489,normal_operating_request,0,0.4367,0.4539,4.761130650202826,2.2051666666666665,0.16,0,0,0,3,0,0,0,0,1,0
demo-row-1490,normal_operating_request,0,0.2173,0.4756,4.466526572721178,0.6264444444444445,0.16,0,0,0,1,0,0,0,0,1,0
demo-row-1491,normal_operating_request,0,0.7114,0.4249,5.771696959260286,3.2224857142857144,0.22,1,0,0,0,0,0,0,0,1,0
demo-row-1492,normal_operating_request,0,0.4798,0.4058,5.471516136358514,2.1173894736842107,0.25,1,0,0,1,0,0,0,0,1,0
demo-row-1493,large_amount_or_unusual_frequency,1,0.5121,0.5554,6.502986289569107,2.745995294117647,0.36,1,0,0,3,0,1,0,1,1,0
demo-row-1494,large_amount_or_unusual_frequency,1,0.6745,0.5347,5.080539907963768,5.6875,0.16,0,0,0,8,0,0,0,0,1,0
demo-row-1495,missing_evidence,1,0.8656,0.6198,6.784897176176975,6.1693235294117645,0.36,0,1,0,7,0,1,0,0,1,1
demo-row-1496,large_amount_or_unusual_frequency,1,0.8656,0.6087,6.70381402286358,4.948329411764706,0.36,0,1,0,5,0,1,0,0,1,1
demo-row-1497,normal_operating_request,0,0.2732,0.4628,6.218023713055573,0.9435894117647059,0.36,1,0,0,1,0,0,0,0,1,1
demo-row-1498,urgent_after_hours_request,1,0.4367,0.4649,4.8343253137447935,2.7935555555555553,0.16,0,0,0,4,0,0,0,0,1,0
demo-row-1499,normal_operating_request,0,0.2821,0.4181,5.473857604466349,1.126807142857143,0.22,1,0,0,4,0,0,0,0,1,0
demo-row-1500,large_amount_or_unusual_frequency,1,0.3994,0.5648,4.605585145784423,0.37961538461538463,0.32,0,1,1,1,0,0,0,0,1,0
demo-row-1501,missing_evidence,1,0.2732,0.5276,6.083829650845989,0.42695529411764704,0.36,1,0,0,2,0,0,1,0,1,1
demo-row-1502,missing_evidence,1,0.4258,0.5413,5.354887931934799,2.4831538461538463,0.32,1,0,0,2,1,1,0,0,1,0
demo-row-1503,normal_operating_request,0,0.2173,0.4989,5.081538124978726,0.27002105263157894,0.25,0,0,1,0,0,0,0,0,1,0
demo-row-1504,missing_evidence,1,0.8552,0.526,5.6108708725233845,5.279953846153846,0.32,0,1,0,1,0,0,0,0,1,0
demo-row-1505,normal_operating_request,0,0.2246,0.4472,5.166059902856835,1.2549846153846154,0.32,1,0,0,2,0,1,0,0,1,0
demo-row-1506,large_amount_or_unusual_frequency,1,0.63,0.51,5.282220935867481,1.9464923076923077,0.32,0,1,0,1,0,0,0,0,1,0
demo-row-1507,urgent_after_hours_request,1,0.6647,0.5072,5.419369137508902,3.0406769230769233,0.32,1,0,0,2,1,0,0,0,1,0
demo-row-1508,normal_operating_request,0,0.2173,0.473,4.35197014444686,0.24933333333333332,0.16,0,0,0,2,0,0,0,0,1,0
demo-row-1509,large_amount_or_unusual_frequency,1,0.4904,0.4868,6.435483312134838,2.2067435294117645,0.36,1,0,0,2,0,0,0,0,1,1
demo-row-1510,normal_operating_request,0,0.3892,0.5293,5.399055580068863,0.7903,0.22,0,1,0,0,0,0,0,0,1,0
demo-row-1511,normal_operating_request,0,0.2173,0.4132,5.347829410719227,1.3447894736842105,0.25,1,0,0,0,0,0,0,0,1,0
demo-row-1512,normal_operating_request,0,0.4154,0.4344,4.795205468722927,2.4667777777777777,0.16,1,0,0,2,0,0,0,0,1,0
demo-row-1513,missing_evidence,1,0.7372,0.4183,5.478484245993657,3.6298769230769232,0.32,1,0,0,4,0,0,0,0,1,0
demo-row-1514,normal_operating_request,0,0.2324,0.4433,5.108365418879045,0.3509473684210526,0.25,0,0,0,4,0,0,0,0,1,0
demo-row-1515,urgent_after_hours_request,1,0.7289,0.4633,5.716197062577251,4.476115789473684,0.25,0,0,0,4,0,0,0,0,1,0
demo-row-1516,normal_operating_request,0,0.2173,0.4567,5.202232133100691,0.6768947368421052,0.25,1,0,1,0,0,0,0,0,1,0
demo-row-1517,normal_operating_request,0,0.2324,0.4167,5.265572461743118,0.3165642857142857,0.22,1,0,0,4,0,0,0,0,1,0
demo-row-1518,normal_operating_request,0,0.2173,0.4446,5.147234077002976,0.47743157894736843,0.25,0,0,0,1,0,0,0,0,1,0
demo-row-1519,normal_operating_request,0,0.7114,0.4181,5.778570865601455,3.28985,0.22,1,0,0,1,0,0,0,0,1,0
demo-row-1520,normal_operating_request,0,0.2173,0.4398,4.431412016420789,0.7157684210526316,0.25,1,0,0,2,0,0,0,0,1,0
demo-row-1521,new_or_watchlisted_beneficiary,1,0.4258,0.4203,5.3461416446453205,2.413707692307692,0.32,1,0,0,0,0,0,0,0,1,0
demo-row-1522,missing_evidence,1,0.6792,0.5137,5.736634701253885,2.8949857142857143,0.22,0,1,0,1,0,0,0,0,1,0
demo-row-1523,urgent_after_hours_request,1,0.8552,0.5141,5.501359191722598,3.880276923076923,0.32,0,1,0,2,0,0,0,0,1,0
demo-row-1524,urgent_after_hours_request,1,0.5121,0.5843,6.369545350763459,1.7550294117647058,0.36,1,0,0,8,0,1,0,1,1,0
demo-row-1525,large_amount_or_unusual_frequency,1,0.7372,0.5525,5.948196742861674,8,0.32,1,0,0,9,0,1,0,0,1,0
demo-row-1526,normal_operating_request,0,0.4154,0.4655,4.827356347430469,2.7331666666666665,0.16,0,0,0,1,0,0,0,0,1,0
demo-row-1527,normal_operating_request,0,0.2908,0.4594,6.065771613309184,0.3688388235294118,0.36,1,0,0,3,0,0,0,0,1,1
demo-row-1528,missing_evidence,1,0.4204,0.5073,5.02639024655699,0.6348307692307692,0.32,0,1,0,3,0,0,0,0,1,0
demo-row-1529,normal_operating_request,0,0.2173,0.4961,4.142983554922818,0.2278888888888889,0.16,0,0,0,2,0,0,0,0,1,0
demo-row-1530,normal_operating_request,0,0.4367,0.4425,5.417423527855738,1.7523157894736843,0.25,0,0,0,3,0,0,0,0,1,0
demo-row-1531,missing_evidence,1,0.4798,0.4951,5.647119770521032,2.1695,0.22,1,0,1,2,0,1,0,0,1,0
demo-row-1532,normal_operating_request,0,0.5015,0.4139,5.58441038541748,1.74335,0.22,1,0,0,4,0,0,0,0,1,0
demo-row-1533,urgent_after_hours_request,1,0.2908,0.4645,5.776118344614913,0.29741529411764706,0.36,1,0,0,4,0,0,0,0,1,1
demo-row-1534,normal_operating_request,0,0.4904,0.4683,6.363155448807681,1.714790588235294,0.36,1,0,0,2,0,0,0,0,1,1
demo-row-1535,urgent_after_hours_request,1,0.2401,0.5192,5.079434510633743,0.8472153846153846,0.32,1,0,0,4,1,0,0,0,1,0
demo-row-1536,urgent_after_hours_request,1,0.7372,0.4238,5.556056330806131,4.5353076923076925,0.32,1,0,0,4,0,0,0,0,1,0
demo-row-1537,new_or_watchlisted_beneficiary,1,0.6745,0.4696,4.860176239191593,3.026222222222222,0.16,0,0,0,4,0,0,0,0,1,0
demo-row-1538,normal_operating_request,0,0.2908,0.4643,6.27784016546435,1.2305964705882353,0.36,1,0,0,3,0,0,0,0,1,1
demo-row-1539,normal_operating_request,0,0.2908,0.5034,6.042974580715821,0.29883882352941177,0.36,1,0,0,4,0,1,0,0,1,1
demo-row-1540,normal_operating_request,0,0.2648,0.4081,5.4780640972088745,1.1475071428571428,0.22,1,0,0,1,0,0,0,0,1,0
demo-row-1541,new_or_watchlisted_beneficiary,1,0.4632,0.6187,6.310599859955928,1.4053635294117648,0.36,0,1,1,2,0,0,0,1,1,0
demo-row-1542,large_amount_or_unusual_frequency,1,0.6745,0.5453,5.169495155088706,7.207666666666666,0.16,0,0,0,8,0,0,0,0,1,0
demo-row-1543,missing_evidence,1,0.7114,0.4491,5.66881068375576,3.9100526315789472,0.25,1,0,0,2,0,1,0,0,1,0
demo-row-1544,new_or_watchlisted_beneficiary,1,0.2324,0.5926,4.583448166541628,1.1289444444444445,0.16,0,0,1,4,1,0,0,0,1,0
demo-row-1545,new_or_watchlisted_beneficiary,1,0.8656,0.5624,5.931879247144744,8,0.32,0,1,0,9,0,0,0,0,1,0
demo-row-1546,new_or_watchlisted_beneficiary,1,0.2324,0.5473,5.235977658795996,0.8123894736842106,0.25,0,0,0,4,1,0,0,0,1,0
demo-row-1547,normal_operating_request,0,0.4154,0.4051,5.409870593943544,1.7048631578947369,0.25,1,0,0,1,0,0,0,0,1,0
demo-row-1548,normal_operating_request,0,0.2324,0.4731,4.256669648687233,0.0031666666666666666,0.16,1,0,0,3,0,0,0,0,1,0
demo-row-1549,urgent_after_hours_request,1,0.4632,0.5686,6.336898609759824,1.5555211764705883,0.36,0,1,0,0,0,0,0,0,1,1
demo-row-1550,urgent_after_hours_request,1,0.5121,0.5236,6.417157525728555,2.0742447058823528,0.36,1,0,0,4,0,1,0,0,1,1
demo-row-1551,normal_operating_request,0,0.2246,0.4229,4.991890303936025,0.5099846153846154,0.32,1,0,0,1,0,0,0,0,1,0
demo-row-1552,new_or_watchlisted_beneficiary,1,0.7289,0.5133,5.853333105002335,4.095707142857143,0.22,1,0,1,7,0,0,0,0,1,0
demo-row-1553,normal_operating_request,0,0.4798,0.4151,5.481376691001419,2.188978947368421,0.25,1,0,0,0,0,0,0,0,1,0
demo-row-1554,normal_operating_request,0,0.4798,0.4065,5.6030013893058985,1.8633357142857143,0.22,1,0,0,2,0,0,0,0,1,0
demo-row-1555,normal_operating_request,0,0.4154,0.495,4.7419233421368165,2.0665,0.16,1,0,0,0,0,1,0,0,1,0
demo-row-1556,normal_operating_request,0,0.4798,0.4207,5.7221211853912495,2.7669714285714284,0.22,1,0,0,0,0,0,0,0,1,0
demo-row-1557,normal_operating_request,0,0.2173,0.487,4.2462276777673145,0.020666666666666667,0.16,0,0,0,2,0,0,0,0,1,0
demo-row-1558,normal_operating_request,0,0.2173,0.4464,5.349030677017439,1.3512842105263159,0.25,1,0,0,0,0,1,0,0,1,0
demo-row-1559,normal_operating_request,0,0.2648,0.4172,5.468523080707767,1.1008428571428572,0.22,1,0,0,0,0,0,0,0,1,0
demo-row-1560,large_amount_or_unusual_frequency,1,0.7201,0.4294,5.498191968313883,3.8448153846153845,0.32,1,0,0,0,0,0,0,0,1,0
demo-row-1561,large_amount_or_unusual_frequency,1,0.4798,0.4207,5.705005389535899,2.6214,0.22,1,0,0,0,0,0,0,0,1,0
demo-row-1562,normal_operating_request,0,0.6745,0.4393,4.855603946870416,2.9840555555555555,0.16,1,0,0,3,0,0,0,0,1,0
demo-row-1563,normal_operating_request,0,0.5015,0.4372,5.454878383200971,2.000221052631579,0.25,1,0,0,3,0,1,0,0,1,0
demo-row-1564,urgent_after_hours_request,1,0.5015,0.4451,5.635161927991811,2.0834214285714285,0.22,1,0,1,4,0,0,0,0,1,0
demo-row-1565,normal_operating_request,0,0.2732,0.5238,6.265598614757448,1.1686,0.36,1,0,1,0,0,0,0,0,1,1
demo-row-1566,normal_operating_request,0,0.4367,0.4401,4.714916247993585,1.8816111111111111,0.16,1,0,0,3,0,0,0,0,1,0
demo-row-1567,normal_operating_request,0,0.2324,0.4607,4.644123340760118,1.4481666666666666,0.16,0,0,0,3,0,0,0,0,1,0
demo-row-1568,urgent_after_hours_request,1,0.7289,0.4864,5.848860060842503,6.432515789473684,0.25,1,0,1,4,0,0,0,0,1,0
demo-row-1569,new_or_watchlisted_beneficiary,1,0.4101,0.5118,5.200185420089161,0.13254285714285716,0.22,0,1,0,4,0,0,0,0,1,0
demo-row-1570,normal_operating_request,0,0.2732,0.509,6.303672439646133,1.3673,0.36,1,0,0,2,0,1,0,0,1,1
demo-row-1571,normal_operating_request,0,0.2324,0.4792,4.2564772062416765,0.0027222222222222222,0.16,1,0,0,4,0,0,0,0,1,0
demo-row-1572,normal_operating_request,0,0.4367,0.457,4.688419822002711,1.7110555555555556,0.16,0,0,0,3,0,0,0,0,1,0
demo-row-1573,normal_operating_request,0,0.2246,0.4757,4.95598583468028,0.39016923076923077,0.32,1,0,1,2,0,0,0,0,1,0
demo-row-1574,normal_operating_request,0,0.2173,0.4888,4.499164515495657,0.7533888888888889,0.16,0,0,0,0,0,0,0,0,1,0
demo-row-1575,normal_operating_request,0,0.2732,0.5334,6.0042099909158,0.18792941176470587,0.36,1,0,0,0,0,0,0,1,1,0
demo-row-1576,large_amount_or_unusual_frequency,1,0.7201,0.4821,5.618752860662907,5.394969230769231,0.32,1,0,1,1,0,0,0,0,1,0
demo-row-1577,large_amount_or_unusual_frequency,1,0.7201,0.4287,5.469957435853908,3.5398615384615386,0.32,1,0,0,0,0,0,0,0,1,0
demo-row-1578,normal_operating_request,0,0.4154,0.4658,4.844334251327874,2.882,0.16,0,0,0,1,0,0,0,0,1,0
demo-row-1579,urgent_after_hours_request,1,0.4367,0.5145,4.710371264260763,1.851611111111111,0.16,1,0,0,3,0,0,1,0,1,0
demo-row-1580,normal_operating_request,0,0.2173,0.5176,4.174030718038026,0.17066666666666666,0.16,1,0,0,2,0,1,0,0,1,0
demo-row-1581,normal_operating_request,0,0.2173,0.4961,4.140822180109311,0.23172222222222222,0.16,0,0,0,2,0,0,0,0,1,0
demo-row-1582,new_or_watchlisted_beneficiary,1,0.7114,0.5487,5.8616461063542715,6.654589473684211,0.25,0,0,1,2,0,1,0,0,1,0
demo-row-1583,urgent_after_hours_request,1,0.2173,0.4683,4.357972941336858,0.7599894736842105,0.25,1,0,0,2,0,1,0,0,1,0
demo-row-1584,normal_operating_request,0,0.4798,0.4191,5.676623202496752,2.3923,0.22,1,0,0,0,0,0,0,0,1,0
demo-row-1585,missing_evidence,1,0.7372,0.6315,6.635289778955764,4.080082352941177,0.36,1,0,1,9,0,0,0,1,1,0
demo-row-1586,normal_operating_request,0,0.2173,0.5022,4.51067903103221,0.8005,0.16,1,0,1,1,0,0,0,0,1,0
demo-row-1587,normal_operating_request,0,0.2732,0.4612,5.839278766709706,0.18743294117647058,0.36,1,0,0,2,0,0,0,0,1,1
demo-row-1588,missing_evidence,1,0.7289,0.4969,5.670308951107218,3.927021052631579,0.25,0,0,0,4,0,1,0,0,1,0
demo-row-1589,normal_operating_request,0,0.2324,0.4076,5.379997661081795,1.525063157894737,0.25,1,0,0,4,0,0,0,0,1,0
demo-row-1590,normal_operating_request,0,0.2732,0.4784,5.4679202119291395,0.6544588235294118,0.36,1,0,0,0,0,0,0,0,1,1
demo-row-1591,normal_operating_request,0,0.4154,0.4575,4.826139617935914,2.722722222222222,0.16,0,0,0,2,0,0,0,0,1,0
demo-row-1592,missing_evidence,1,0.7289,0.5164,6.104052257769995,8,0.22,1,0,0,6,0,0,0,0,1,0
demo-row-1593,normal_operating_request,0,0.2908,0.461,5.85053044872413,0.1661058823529412,0.36,1,0,0,3,0,0,0,0,1,1
demo-row-1594,normal_operating_request,0,0.7114,0.4319,5.792056733325406,3.42515,0.22,1,0,0,0,0,0,0,0,1,0
demo-row-1595,large_amount_or_unusual_frequency,1,0.5121,0.531,6.408890580156925,2.0162788235294116,0.36,1,0,0,3,0,0,0,1,1,0
demo-row-1596,normal_operating_request,0,0.2732,0.5211,6.018583173390855,0.22790235294117647,0.36,1,0,1,0,0,0,0,0,1,1
demo-row-1597,normal_operating_request,0,0.2173,0.4625,5.341290065488263,1.3097473684210525,0.25,0,0,0,0,0,0,0,0,1,0
demo-row-1598,normal_operating_request,0,0.2173,0.4438,4.94515826394541,0.07225263157894737,0.25,0,0,0,2,0,0,0,0,1,0
demo-row-1599,normal_operating_request,0,0.2908,0.5203,6.29651294116862,1.3285941176470588,0.36,1,0,0,3,0,0,0,1,1,0
demo-row-1600,normal_operating_request,0,0.4258,0.4097,5.243407662089214,1.6945846153846154,0.32,1,0,0,2,0,0,0,0,1,0
